candidate,frame,constraint,property,classification,classification_code,candidate_property,source_path,original_observation,reason,positive_hidden_geometry_support,unknown_contact_relationship
A,S4-FRONT,visible_purple,Exposed purple surface is connected,DIRECTLY SUPPORTED,D,Shared visible-field / evidence-ownership condition,docs/model-reviews/emilia-arc6-body-contour-review/references/emilia_front_reference.jpeg,Purple is exposed in the center aperture and below the white hems; short lower side outlines are visible. White panels conceal the upper anterior profile.,Purple is exposed in the center aperture and below the white hems; short lower side outlines are visible. White panels conceal the upper anterior profile. LIMIT: Direct support applies to the local visible purple field only. It does not establish hidden depth or connectivity behind every occluder.,False,False
B,S4-FRONT,visible_purple,Exposed purple surface is connected,DIRECTLY SUPPORTED,D,Shared visible-field / evidence-ownership condition,docs/model-reviews/emilia-arc6-body-contour-review/references/emilia_front_reference.jpeg,Purple is exposed in the center aperture and below the white hems; short lower side outlines are visible. White panels conceal the upper anterior profile.,Purple is exposed in the center aperture and below the white hems; short lower side outlines are visible. White panels conceal the upper anterior profile. LIMIT: Direct support applies to the local visible purple field only. It does not establish hidden depth or connectivity behind every occluder.,False,False
C,S4-FRONT,visible_purple,Exposed purple surface is connected,DIRECTLY SUPPORTED,D,Shared visible-field / evidence-ownership condition,docs/model-reviews/emilia-arc6-body-contour-review/references/emilia_front_reference.jpeg,Purple is exposed in the center aperture and below the white hems; short lower side outlines are visible. White panels conceal the upper anterior profile.,Purple is exposed in the center aperture and below the white hems; short lower side outlines are visible. White panels conceal the upper anterior profile. LIMIT: Direct support applies to the local visible purple field only. It does not establish hidden depth or connectivity behind every occluder.,False,False
A,S4-FRONT,cloth_overlap,White cloth edges bound / overlap purple,DIRECTLY SUPPORTED,D,Shared visible-field / evidence-ownership condition,docs/model-reviews/emilia-arc6-body-contour-review/references/emilia_front_reference.jpeg,Purple is exposed in the center aperture and below the white hems; short lower side outlines are visible. White panels conceal the upper anterior profile.,"Purple is exposed in the center aperture and below the white hems; short lower side outlines are visible. White panels conceal the upper anterior profile. LIMIT: The image separates cloth boundaries from purple surface. This constrains evidence ownership, not torso projection.",False,False
B,S4-FRONT,cloth_overlap,White cloth edges bound / overlap purple,DIRECTLY SUPPORTED,D,Shared visible-field / evidence-ownership condition,docs/model-reviews/emilia-arc6-body-contour-review/references/emilia_front_reference.jpeg,Purple is exposed in the center aperture and below the white hems; short lower side outlines are visible. White panels conceal the upper anterior profile.,"Purple is exposed in the center aperture and below the white hems; short lower side outlines are visible. White panels conceal the upper anterior profile. LIMIT: The image separates cloth boundaries from purple surface. This constrains evidence ownership, not torso projection.",False,False
C,S4-FRONT,cloth_overlap,White cloth edges bound / overlap purple,DIRECTLY SUPPORTED,D,Shared visible-field / evidence-ownership condition,docs/model-reviews/emilia-arc6-body-contour-review/references/emilia_front_reference.jpeg,Purple is exposed in the center aperture and below the white hems; short lower side outlines are visible. White panels conceal the upper anterior profile.,"Purple is exposed in the center aperture and below the white hems; short lower side outlines are visible. White panels conceal the upper anterior profile. LIMIT: The image separates cloth boundaries from purple surface. This constrains evidence ownership, not torso projection.",False,False
A,S4-FRONT,lower_outline,Smooth exposed lower torso connection,DIRECTLY SUPPORTED,D,Shared visible-field / evidence-ownership condition,docs/model-reviews/emilia-arc6-body-contour-review/references/emilia_front_reference.jpeg,Purple is exposed in the center aperture and below the white hems; short lower side outlines are visible. White panels conceal the upper anterior profile.,"Purple is exposed in the center aperture and below the white hems; short lower side outlines are visible. White panels conceal the upper anterior profile. LIMIT: Near-front artwork exposes a smooth lower purple outline. Other poses provide partial, camera-dependent constraints, not a neutral upper-return curve.",False,False
B,S4-FRONT,lower_outline,Smooth exposed lower torso connection,DIRECTLY SUPPORTED,D,Shared visible-field / evidence-ownership condition,docs/model-reviews/emilia-arc6-body-contour-review/references/emilia_front_reference.jpeg,Purple is exposed in the center aperture and below the white hems; short lower side outlines are visible. White panels conceal the upper anterior profile.,"Purple is exposed in the center aperture and below the white hems; short lower side outlines are visible. White panels conceal the upper anterior profile. LIMIT: Near-front artwork exposes a smooth lower purple outline. Other poses provide partial, camera-dependent constraints, not a neutral upper-return curve.",False,False
C,S4-FRONT,lower_outline,Smooth exposed lower torso connection,DIRECTLY SUPPORTED,D,Shared visible-field / evidence-ownership condition,docs/model-reviews/emilia-arc6-body-contour-review/references/emilia_front_reference.jpeg,Purple is exposed in the center aperture and below the white hems; short lower side outlines are visible. White panels conceal the upper anterior profile.,"Purple is exposed in the center aperture and below the white hems; short lower side outlines are visible. White panels conceal the upper anterior profile. LIMIT: Near-front artwork exposes a smooth lower purple outline. Other poses provide partial, camera-dependent constraints, not a neutral upper-return curve.",False,False
A,S4-FRONT,front_width,Upper front width / outer transition,WEAKLY CONSTRAINED,W,"Higher, relatively compact outer envelope",docs/model-reviews/emilia-arc6-body-contour-review/references/emilia_front_reference.jpeg,Purple is exposed in the center aperture and below the white hems; short lower side outlines are visible. White panels conceal the upper anterior profile.,Purple is exposed in the center aperture and below the white hems; short lower side outlines are visible. White panels conceal the upper anterior profile. LIMIT: Exposed lower outlines and shoulder/arm context provide coarse bounds. The white-covered fullest width is not observed.,False,False
B,S4-FRONT,front_width,Upper front width / outer transition,WEAKLY CONSTRAINED,W,Wider middle envelope,docs/model-reviews/emilia-arc6-body-contour-review/references/emilia_front_reference.jpeg,Purple is exposed in the center aperture and below the white hems; short lower side outlines are visible. White panels conceal the upper anterior profile.,Purple is exposed in the center aperture and below the white hems; short lower side outlines are visible. White panels conceal the upper anterior profile. LIMIT: Exposed lower outlines and shoulder/arm context provide coarse bounds. The white-covered fullest width is not observed.,False,False
C,S4-FRONT,front_width,Upper front width / outer transition,WEAKLY CONSTRAINED,W,"Narrower upper envelope, later fullness",docs/model-reviews/emilia-arc6-body-contour-review/references/emilia_front_reference.jpeg,Purple is exposed in the center aperture and below the white hems; short lower side outlines are visible. White panels conceal the upper anterior profile.,Purple is exposed in the center aperture and below the white hems; short lower side outlines are visible. White panels conceal the upper anterior profile. LIMIT: Exposed lower outlines and shoulder/arm context provide coarse bounds. The white-covered fullest width is not observed.,False,False
A,S4-FRONT,medial_distribution,Outer-to-medial anterior distribution,WEAKLY CONSTRAINED,W,Stronger medial-to-outer curvature with receding front flanks,docs/model-reviews/emilia-arc6-body-contour-review/references/emilia_front_reference.jpeg,Purple is exposed in the center aperture and below the white hems; short lower side outlines are visible. White panels conceal the upper anterior profile.,"Purple is exposed in the center aperture and below the white hems; short lower side outlines are visible. White panels conceal the upper anterior profile. LIMIT: Purple painted lines and tones provide weak curvature clues. Cloth shadows, stylization, pose and perspective prevent depth reconstruction.",False,False
B,S4-FRONT,medial_distribution,Outer-to-medial anterior distribution,WEAKLY CONSTRAINED,W,Broad curved anterior sweep extending toward the outer sectors,docs/model-reviews/emilia-arc6-body-contour-review/references/emilia_front_reference.jpeg,Purple is exposed in the center aperture and below the white hems; short lower side outlines are visible. White panels conceal the upper anterior profile.,"Purple is exposed in the center aperture and below the white hems; short lower side outlines are visible. White panels conceal the upper anterior profile. LIMIT: Purple painted lines and tones provide weak curvature clues. Cloth shadows, stylization, pose and perspective prevent depth reconstruction.",False,False
C,S4-FRONT,medial_distribution,Outer-to-medial anterior distribution,WEAKLY CONSTRAINED,W,Gentle anterior sectors joined by a shallow medial bridge,docs/model-reviews/emilia-arc6-body-contour-review/references/emilia_front_reference.jpeg,Purple is exposed in the center aperture and below the white hems; short lower side outlines are visible. White panels conceal the upper anterior profile.,"Purple is exposed in the center aperture and below the white hems; short lower side outlines are visible. White panels conceal the upper anterior profile. LIMIT: Purple painted lines and tones provide weak curvature clues. Cloth shadows, stylization, pose and perspective prevent depth reconstruction.",False,False
A,S4-FRONT,upper_onset,Neutral upper onset trajectory,CONSISTENT BUT UNOBSERVED,O,Earlier continuously curving onset,docs/model-reviews/emilia-arc6-body-contour-review/references/emilia_front_reference.jpeg,Purple is exposed in the center aperture and below the white hems; short lower side outlines are visible. White panels conceal the upper anterior profile.,Purple is exposed in the center aperture and below the white hems; short lower side outlines are visible. White panels conceal the upper anterior profile. LIMIT: The relevant upper torso is concealed; a neckline or white/purple border does not reveal the underlying onset.,False,False
B,S4-FRONT,upper_onset,Neutral upper onset trajectory,CONSISTENT BUT UNOBSERVED,O,Later onset than A,docs/model-reviews/emilia-arc6-body-contour-review/references/emilia_front_reference.jpeg,Purple is exposed in the center aperture and below the white hems; short lower side outlines are visible. White panels conceal the upper anterior profile.,Purple is exposed in the center aperture and below the white hems; short lower side outlines are visible. White panels conceal the upper anterior profile. LIMIT: The relevant upper torso is concealed; a neckline or white/purple border does not reveal the underlying onset.,False,False
C,S4-FRONT,upper_onset,Neutral upper onset trajectory,CONSISTENT BUT UNOBSERVED,O,Latest gradual onset,docs/model-reviews/emilia-arc6-body-contour-review/references/emilia_front_reference.jpeg,Purple is exposed in the center aperture and below the white hems; short lower side outlines are visible. White panels conceal the upper anterior profile.,Purple is exposed in the center aperture and below the white hems; short lower side outlines are visible. White panels conceal the upper anterior profile. LIMIT: The relevant upper torso is concealed; a neckline or white/purple border does not reveal the underlying onset.,False,False
A,S4-FRONT,maximum_depth,Maximum neutral forward depth,CONSISTENT BUT UNOBSERVED,O,Compact forward maximum in the upper middle,docs/model-reviews/emilia-arc6-body-contour-review/references/emilia_front_reference.jpeg,Purple is exposed in the center aperture and below the white hems; short lower side outlines are visible. White panels conceal the upper anterior profile.,Purple is exposed in the center aperture and below the white hems; short lower side outlines are visible. White panels conceal the upper anterior profile. LIMIT: No frame exposes the complete neutral anterior side profile. Posed cloth cannot determine forward depth.,False,False
B,S4-FRONT,maximum_depth,Maximum neutral forward depth,CONSISTENT BUT UNOBSERVED,O,Broader forward maximum around the middle,docs/model-reviews/emilia-arc6-body-contour-review/references/emilia_front_reference.jpeg,Purple is exposed in the center aperture and below the white hems; short lower side outlines are visible. White panels conceal the upper anterior profile.,Purple is exposed in the center aperture and below the white hems; short lower side outlines are visible. White panels conceal the upper anterior profile. LIMIT: No frame exposes the complete neutral anterior side profile. Posed cloth cannot determine forward depth.,False,False
C,S4-FRONT,maximum_depth,Maximum neutral forward depth,CONSISTENT BUT UNOBSERVED,O,Later maximum between sections C-D,docs/model-reviews/emilia-arc6-body-contour-review/references/emilia_front_reference.jpeg,Purple is exposed in the center aperture and below the white hems; short lower side outlines are visible. White panels conceal the upper anterior profile.,Purple is exposed in the center aperture and below the white hems; short lower side outlines are visible. White panels conceal the upper anterior profile. LIMIT: No frame exposes the complete neutral anterior side profile. Posed cloth cannot determine forward depth.,False,False
A,S4-FRONT,fullest_region,Height and breadth of maximum depth,CONSISTENT BUT UNOBSERVED,O,"Higher, shorter fullest span",docs/model-reviews/emilia-arc6-body-contour-review/references/emilia_front_reference.jpeg,Purple is exposed in the center aperture and below the white hems; short lower side outlines are visible. White panels conceal the upper anterior profile.,Purple is exposed in the center aperture and below the white hems; short lower side outlines are visible. White panels conceal the upper anterior profile. LIMIT: Visible painted marks and changing hems are not maximum-depth landmarks. The neutral fullest span remains unobserved.,False,False
B,S4-FRONT,fullest_region,Height and breadth of maximum depth,CONSISTENT BUT UNOBSERVED,O,Longer broad fullest span around C-D,docs/model-reviews/emilia-arc6-body-contour-review/references/emilia_front_reference.jpeg,Purple is exposed in the center aperture and below the white hems; short lower side outlines are visible. White panels conceal the upper anterior profile.,Purple is exposed in the center aperture and below the white hems; short lower side outlines are visible. White panels conceal the upper anterior profile. LIMIT: Visible painted marks and changing hems are not maximum-depth landmarks. The neutral fullest span remains unobserved.,False,False
C,S4-FRONT,fullest_region,Height and breadth of maximum depth,CONSISTENT BUT UNOBSERVED,O,Lower bounded fullest span,docs/model-reviews/emilia-arc6-body-contour-review/references/emilia_front_reference.jpeg,Purple is exposed in the center aperture and below the white hems; short lower side outlines are visible. White panels conceal the upper anterior profile.,Purple is exposed in the center aperture and below the white hems; short lower side outlines are visible. White panels conceal the upper anterior profile. LIMIT: Visible painted marks and changing hems are not maximum-depth landmarks. The neutral fullest span remains unobserved.,False,False
A,S4-FRONT,oblique_wrap,Continuous turn toward the ribcage,CONSISTENT BUT UNOBSERVED,O,Turning weighted toward the anterior arc,docs/model-reviews/emilia-arc6-body-contour-review/references/emilia_front_reference.jpeg,Purple is exposed in the center aperture and below the white hems; short lower side outlines are visible. White panels conceal the upper anterior profile.,Purple is exposed in the center aperture and below the white hems; short lower side outlines are visible. White panels conceal the upper anterior profile. LIMIT: Partial purple exposure in oblique poses weakly constrains a connection toward the lower ribcage. The hidden upper wrap remains free.,False,False
B,S4-FRONT,oblique_wrap,Continuous turn toward the ribcage,CONSISTENT BUT UNOBSERVED,O,Extended lateral turning zone,docs/model-reviews/emilia-arc6-body-contour-review/references/emilia_front_reference.jpeg,Purple is exposed in the center aperture and below the white hems; short lower side outlines are visible. White panels conceal the upper anterior profile.,Purple is exposed in the center aperture and below the white hems; short lower side outlines are visible. White panels conceal the upper anterior profile. LIMIT: Partial purple exposure in oblique poses weakly constrains a connection toward the lower ribcage. The hidden upper wrap remains free.,False,False
C,S4-FRONT,oblique_wrap,Continuous turn toward the ribcage,CONSISTENT BUT UNOBSERVED,O,Sidewall retained while anterior sectors turn forward,docs/model-reviews/emilia-arc6-body-contour-review/references/emilia_front_reference.jpeg,Purple is exposed in the center aperture and below the white hems; short lower side outlines are visible. White panels conceal the upper anterior profile.,Purple is exposed in the center aperture and below the white hems; short lower side outlines are visible. White panels conceal the upper anterior profile. LIMIT: Partial purple exposure in oblique poses weakly constrains a connection toward the lower ribcage. The hidden upper wrap remains free.,False,False
A,S4-FRONT,lower_return,Hidden lower return length / curvature,WEAKLY CONSTRAINED,W,Long taper beginning above section D,docs/model-reviews/emilia-arc6-body-contour-review/references/emilia_front_reference.jpeg,Purple is exposed in the center aperture and below the white hems; short lower side outlines are visible. White panels conceal the upper anterior profile.,Purple is exposed in the center aperture and below the white hems; short lower side outlines are visible. White panels conceal the upper anterior profile. LIMIT: Exposed lower surface supplies local clues. The complete return under cloth is not observed and no scallop sets its height.,False,False
B,S4-FRONT,lower_return,Hidden lower return length / curvature,WEAKLY CONSTRAINED,W,Delayed return with a longer middle span,docs/model-reviews/emilia-arc6-body-contour-review/references/emilia_front_reference.jpeg,Purple is exposed in the center aperture and below the white hems; short lower side outlines are visible. White panels conceal the upper anterior profile.,Purple is exposed in the center aperture and below the white hems; short lower side outlines are visible. White panels conceal the upper anterior profile. LIMIT: Exposed lower surface supplies local clues. The complete return under cloth is not observed and no scallop sets its height.,False,False
C,S4-FRONT,lower_return,Hidden lower return length / curvature,WEAKLY CONSTRAINED,W,Long smooth return after the later maximum,docs/model-reviews/emilia-arc6-body-contour-review/references/emilia_front_reference.jpeg,Purple is exposed in the center aperture and below the white hems; short lower side outlines are visible. White panels conceal the upper anterior profile.,Purple is exposed in the center aperture and below the white hems; short lower side outlines are visible. White panels conceal the upper anterior profile. LIMIT: Exposed lower surface supplies local clues. The complete return under cloth is not observed and no scallop sets its height.,False,False
A,S4-FRONT,whole_sections,Complete horizontal section shape,CONSISTENT BUT UNOBSERVED,O,Rounded anterior taper with a shared posterior ribcage context,docs/model-reviews/emilia-arc6-body-contour-review/references/emilia_front_reference.jpeg,Purple is exposed in the center aperture and below the white hems; short lower side outlines are visible. White panels conceal the upper anterior profile.,"Purple is exposed in the center aperture and below the white hems; short lower side outlines are visible. White panels conceal the upper anterior profile. LIMIT: No supplied original frame is a torso cross-section. Posterior extent, lateral turning and medial depth cannot be recovered as a whole perimeter.",False,False
B,S4-FRONT,whole_sections,Complete horizontal section shape,CONSISTENT BUT UNOBSERVED,O,Broad front-facing arcs and changing lateral walls,docs/model-reviews/emilia-arc6-body-contour-review/references/emilia_front_reference.jpeg,Purple is exposed in the center aperture and below the white hems; short lower side outlines are visible. White panels conceal the upper anterior profile.,"Purple is exposed in the center aperture and below the white hems; short lower side outlines are visible. White panels conceal the upper anterior profile. LIMIT: No supplied original frame is a torso cross-section. Posterior extent, lateral turning and medial depth cannot be recovered as a whole perimeter.",False,False
C,S4-FRONT,whole_sections,Complete horizontal section shape,CONSISTENT BUT UNOBSERVED,O,"Continuous front sectors and a shallow bridge, not attached circles",docs/model-reviews/emilia-arc6-body-contour-review/references/emilia_front_reference.jpeg,Purple is exposed in the center aperture and below the white hems; short lower side outlines are visible. White panels conceal the upper anterior profile.,"Purple is exposed in the center aperture and below the white hems; short lower side outlines are visible. White panels conceal the upper anterior profile. LIMIT: No supplied original frame is a torso cross-section. Posterior extent, lateral turning and medial depth cannot be recovered as a whole perimeter.",False,False
A,S4-FRONT,physical_contact,Physical cloth/body contact map,CONSISTENT BUT UNOBSERVED,O,Shared visible-field / evidence-ownership condition,docs/model-reviews/emilia-arc6-body-contour-review/references/emilia_front_reference.jpeg,Purple is exposed in the center aperture and below the white hems; short lower side outlines are visible. White panels conceal the upper anterior profile.,"Purple is exposed in the center aperture and below the white hems; short lower side outlines are visible. White panels conceal the upper anterior profile. LIMIT: UNKNOWN RELATIONSHIP. White and purple meeting in 2D does not prove touching, close-follow, lift or an air gap.",False,True
B,S4-FRONT,physical_contact,Physical cloth/body contact map,CONSISTENT BUT UNOBSERVED,O,Shared visible-field / evidence-ownership condition,docs/model-reviews/emilia-arc6-body-contour-review/references/emilia_front_reference.jpeg,Purple is exposed in the center aperture and below the white hems; short lower side outlines are visible. White panels conceal the upper anterior profile.,"Purple is exposed in the center aperture and below the white hems; short lower side outlines are visible. White panels conceal the upper anterior profile. LIMIT: UNKNOWN RELATIONSHIP. White and purple meeting in 2D does not prove touching, close-follow, lift or an air gap.",False,True
C,S4-FRONT,physical_contact,Physical cloth/body contact map,CONSISTENT BUT UNOBSERVED,O,Shared visible-field / evidence-ownership condition,docs/model-reviews/emilia-arc6-body-contour-review/references/emilia_front_reference.jpeg,Purple is exposed in the center aperture and below the white hems; short lower side outlines are visible. White panels conceal the upper anterior profile.,"Purple is exposed in the center aperture and below the white hems; short lower side outlines are visible. White panels conceal the upper anterior profile. LIMIT: UNKNOWN RELATIONSHIP. White and purple meeting in 2D does not prove touching, close-follow, lift or an air gap.",False,True
A,S4-NEAR-FRONT,visible_purple,Exposed purple surface is connected,DIRECTLY SUPPORTED,D,Shared visible-field / evidence-ownership condition,docs/model-reviews/emilia-arc6-reference-analysis-v2/references/emilia_neutral_front.jpeg,"The center purple field and part of the lower right outline are exposed. Hair, sleeves, uneven hems and an oblique camera obscure the upper contour.","The center purple field and part of the lower right outline are exposed. Hair, sleeves, uneven hems and an oblique camera obscure the upper contour. LIMIT: Direct support applies to the local visible purple field only. It does not establish hidden depth or connectivity behind every occluder.",False,False
B,S4-NEAR-FRONT,visible_purple,Exposed purple surface is connected,DIRECTLY SUPPORTED,D,Shared visible-field / evidence-ownership condition,docs/model-reviews/emilia-arc6-reference-analysis-v2/references/emilia_neutral_front.jpeg,"The center purple field and part of the lower right outline are exposed. Hair, sleeves, uneven hems and an oblique camera obscure the upper contour.","The center purple field and part of the lower right outline are exposed. Hair, sleeves, uneven hems and an oblique camera obscure the upper contour. LIMIT: Direct support applies to the local visible purple field only. It does not establish hidden depth or connectivity behind every occluder.",False,False
C,S4-NEAR-FRONT,visible_purple,Exposed purple surface is connected,DIRECTLY SUPPORTED,D,Shared visible-field / evidence-ownership condition,docs/model-reviews/emilia-arc6-reference-analysis-v2/references/emilia_neutral_front.jpeg,"The center purple field and part of the lower right outline are exposed. Hair, sleeves, uneven hems and an oblique camera obscure the upper contour.","The center purple field and part of the lower right outline are exposed. Hair, sleeves, uneven hems and an oblique camera obscure the upper contour. LIMIT: Direct support applies to the local visible purple field only. It does not establish hidden depth or connectivity behind every occluder.",False,False
A,S4-NEAR-FRONT,cloth_overlap,White cloth edges bound / overlap purple,DIRECTLY SUPPORTED,D,Shared visible-field / evidence-ownership condition,docs/model-reviews/emilia-arc6-reference-analysis-v2/references/emilia_neutral_front.jpeg,"The center purple field and part of the lower right outline are exposed. Hair, sleeves, uneven hems and an oblique camera obscure the upper contour.","The center purple field and part of the lower right outline are exposed. Hair, sleeves, uneven hems and an oblique camera obscure the upper contour. LIMIT: The image separates cloth boundaries from purple surface. This constrains evidence ownership, not torso projection.",False,False
B,S4-NEAR-FRONT,cloth_overlap,White cloth edges bound / overlap purple,DIRECTLY SUPPORTED,D,Shared visible-field / evidence-ownership condition,docs/model-reviews/emilia-arc6-reference-analysis-v2/references/emilia_neutral_front.jpeg,"The center purple field and part of the lower right outline are exposed. Hair, sleeves, uneven hems and an oblique camera obscure the upper contour.","The center purple field and part of the lower right outline are exposed. Hair, sleeves, uneven hems and an oblique camera obscure the upper contour. LIMIT: The image separates cloth boundaries from purple surface. This constrains evidence ownership, not torso projection.",False,False
C,S4-NEAR-FRONT,cloth_overlap,White cloth edges bound / overlap purple,DIRECTLY SUPPORTED,D,Shared visible-field / evidence-ownership condition,docs/model-reviews/emilia-arc6-reference-analysis-v2/references/emilia_neutral_front.jpeg,"The center purple field and part of the lower right outline are exposed. Hair, sleeves, uneven hems and an oblique camera obscure the upper contour.","The center purple field and part of the lower right outline are exposed. Hair, sleeves, uneven hems and an oblique camera obscure the upper contour. LIMIT: The image separates cloth boundaries from purple surface. This constrains evidence ownership, not torso projection.",False,False
A,S4-NEAR-FRONT,lower_outline,Smooth exposed lower torso connection,WEAKLY CONSTRAINED,W,Shared visible-field / evidence-ownership condition,docs/model-reviews/emilia-arc6-reference-analysis-v2/references/emilia_neutral_front.jpeg,"The center purple field and part of the lower right outline are exposed. Hair, sleeves, uneven hems and an oblique camera obscure the upper contour.","The center purple field and part of the lower right outline are exposed. Hair, sleeves, uneven hems and an oblique camera obscure the upper contour. LIMIT: Near-front artwork exposes a smooth lower purple outline. Other poses provide partial, camera-dependent constraints, not a neutral upper-return curve.",False,False
B,S4-NEAR-FRONT,lower_outline,Smooth exposed lower torso connection,WEAKLY CONSTRAINED,W,Shared visible-field / evidence-ownership condition,docs/model-reviews/emilia-arc6-reference-analysis-v2/references/emilia_neutral_front.jpeg,"The center purple field and part of the lower right outline are exposed. Hair, sleeves, uneven hems and an oblique camera obscure the upper contour.","The center purple field and part of the lower right outline are exposed. Hair, sleeves, uneven hems and an oblique camera obscure the upper contour. LIMIT: Near-front artwork exposes a smooth lower purple outline. Other poses provide partial, camera-dependent constraints, not a neutral upper-return curve.",False,False
C,S4-NEAR-FRONT,lower_outline,Smooth exposed lower torso connection,WEAKLY CONSTRAINED,W,Shared visible-field / evidence-ownership condition,docs/model-reviews/emilia-arc6-reference-analysis-v2/references/emilia_neutral_front.jpeg,"The center purple field and part of the lower right outline are exposed. Hair, sleeves, uneven hems and an oblique camera obscure the upper contour.","The center purple field and part of the lower right outline are exposed. Hair, sleeves, uneven hems and an oblique camera obscure the upper contour. LIMIT: Near-front artwork exposes a smooth lower purple outline. Other poses provide partial, camera-dependent constraints, not a neutral upper-return curve.",False,False
A,S4-NEAR-FRONT,front_width,Upper front width / outer transition,WEAKLY CONSTRAINED,W,"Higher, relatively compact outer envelope",docs/model-reviews/emilia-arc6-reference-analysis-v2/references/emilia_neutral_front.jpeg,"The center purple field and part of the lower right outline are exposed. Hair, sleeves, uneven hems and an oblique camera obscure the upper contour.","The center purple field and part of the lower right outline are exposed. Hair, sleeves, uneven hems and an oblique camera obscure the upper contour. LIMIT: Exposed lower outlines and shoulder/arm context provide coarse bounds. The white-covered fullest width is not observed.",False,False
B,S4-NEAR-FRONT,front_width,Upper front width / outer transition,WEAKLY CONSTRAINED,W,Wider middle envelope,docs/model-reviews/emilia-arc6-reference-analysis-v2/references/emilia_neutral_front.jpeg,"The center purple field and part of the lower right outline are exposed. Hair, sleeves, uneven hems and an oblique camera obscure the upper contour.","The center purple field and part of the lower right outline are exposed. Hair, sleeves, uneven hems and an oblique camera obscure the upper contour. LIMIT: Exposed lower outlines and shoulder/arm context provide coarse bounds. The white-covered fullest width is not observed.",False,False
C,S4-NEAR-FRONT,front_width,Upper front width / outer transition,WEAKLY CONSTRAINED,W,"Narrower upper envelope, later fullness",docs/model-reviews/emilia-arc6-reference-analysis-v2/references/emilia_neutral_front.jpeg,"The center purple field and part of the lower right outline are exposed. Hair, sleeves, uneven hems and an oblique camera obscure the upper contour.","The center purple field and part of the lower right outline are exposed. Hair, sleeves, uneven hems and an oblique camera obscure the upper contour. LIMIT: Exposed lower outlines and shoulder/arm context provide coarse bounds. The white-covered fullest width is not observed.",False,False
A,S4-NEAR-FRONT,medial_distribution,Outer-to-medial anterior distribution,WEAKLY CONSTRAINED,W,Stronger medial-to-outer curvature with receding front flanks,docs/model-reviews/emilia-arc6-reference-analysis-v2/references/emilia_neutral_front.jpeg,"The center purple field and part of the lower right outline are exposed. Hair, sleeves, uneven hems and an oblique camera obscure the upper contour.","The center purple field and part of the lower right outline are exposed. Hair, sleeves, uneven hems and an oblique camera obscure the upper contour. LIMIT: Purple painted lines and tones provide weak curvature clues. Cloth shadows, stylization, pose and perspective prevent depth reconstruction.",False,False
B,S4-NEAR-FRONT,medial_distribution,Outer-to-medial anterior distribution,WEAKLY CONSTRAINED,W,Broad curved anterior sweep extending toward the outer sectors,docs/model-reviews/emilia-arc6-reference-analysis-v2/references/emilia_neutral_front.jpeg,"The center purple field and part of the lower right outline are exposed. Hair, sleeves, uneven hems and an oblique camera obscure the upper contour.","The center purple field and part of the lower right outline are exposed. Hair, sleeves, uneven hems and an oblique camera obscure the upper contour. LIMIT: Purple painted lines and tones provide weak curvature clues. Cloth shadows, stylization, pose and perspective prevent depth reconstruction.",False,False
C,S4-NEAR-FRONT,medial_distribution,Outer-to-medial anterior distribution,WEAKLY CONSTRAINED,W,Gentle anterior sectors joined by a shallow medial bridge,docs/model-reviews/emilia-arc6-reference-analysis-v2/references/emilia_neutral_front.jpeg,"The center purple field and part of the lower right outline are exposed. Hair, sleeves, uneven hems and an oblique camera obscure the upper contour.","The center purple field and part of the lower right outline are exposed. Hair, sleeves, uneven hems and an oblique camera obscure the upper contour. LIMIT: Purple painted lines and tones provide weak curvature clues. Cloth shadows, stylization, pose and perspective prevent depth reconstruction.",False,False
A,S4-NEAR-FRONT,upper_onset,Neutral upper onset trajectory,CONSISTENT BUT UNOBSERVED,O,Earlier continuously curving onset,docs/model-reviews/emilia-arc6-reference-analysis-v2/references/emilia_neutral_front.jpeg,"The center purple field and part of the lower right outline are exposed. Hair, sleeves, uneven hems and an oblique camera obscure the upper contour.","The center purple field and part of the lower right outline are exposed. Hair, sleeves, uneven hems and an oblique camera obscure the upper contour. LIMIT: The relevant upper torso is concealed; a neckline or white/purple border does not reveal the underlying onset.",False,False
B,S4-NEAR-FRONT,upper_onset,Neutral upper onset trajectory,CONSISTENT BUT UNOBSERVED,O,Later onset than A,docs/model-reviews/emilia-arc6-reference-analysis-v2/references/emilia_neutral_front.jpeg,"The center purple field and part of the lower right outline are exposed. Hair, sleeves, uneven hems and an oblique camera obscure the upper contour.","The center purple field and part of the lower right outline are exposed. Hair, sleeves, uneven hems and an oblique camera obscure the upper contour. LIMIT: The relevant upper torso is concealed; a neckline or white/purple border does not reveal the underlying onset.",False,False
C,S4-NEAR-FRONT,upper_onset,Neutral upper onset trajectory,CONSISTENT BUT UNOBSERVED,O,Latest gradual onset,docs/model-reviews/emilia-arc6-reference-analysis-v2/references/emilia_neutral_front.jpeg,"The center purple field and part of the lower right outline are exposed. Hair, sleeves, uneven hems and an oblique camera obscure the upper contour.","The center purple field and part of the lower right outline are exposed. Hair, sleeves, uneven hems and an oblique camera obscure the upper contour. LIMIT: The relevant upper torso is concealed; a neckline or white/purple border does not reveal the underlying onset.",False,False
A,S4-NEAR-FRONT,maximum_depth,Maximum neutral forward depth,CONSISTENT BUT UNOBSERVED,O,Compact forward maximum in the upper middle,docs/model-reviews/emilia-arc6-reference-analysis-v2/references/emilia_neutral_front.jpeg,"The center purple field and part of the lower right outline are exposed. Hair, sleeves, uneven hems and an oblique camera obscure the upper contour.","The center purple field and part of the lower right outline are exposed. Hair, sleeves, uneven hems and an oblique camera obscure the upper contour. LIMIT: No frame exposes the complete neutral anterior side profile. Posed cloth cannot determine forward depth.",False,False
B,S4-NEAR-FRONT,maximum_depth,Maximum neutral forward depth,CONSISTENT BUT UNOBSERVED,O,Broader forward maximum around the middle,docs/model-reviews/emilia-arc6-reference-analysis-v2/references/emilia_neutral_front.jpeg,"The center purple field and part of the lower right outline are exposed. Hair, sleeves, uneven hems and an oblique camera obscure the upper contour.","The center purple field and part of the lower right outline are exposed. Hair, sleeves, uneven hems and an oblique camera obscure the upper contour. LIMIT: No frame exposes the complete neutral anterior side profile. Posed cloth cannot determine forward depth.",False,False
C,S4-NEAR-FRONT,maximum_depth,Maximum neutral forward depth,CONSISTENT BUT UNOBSERVED,O,Later maximum between sections C-D,docs/model-reviews/emilia-arc6-reference-analysis-v2/references/emilia_neutral_front.jpeg,"The center purple field and part of the lower right outline are exposed. Hair, sleeves, uneven hems and an oblique camera obscure the upper contour.","The center purple field and part of the lower right outline are exposed. Hair, sleeves, uneven hems and an oblique camera obscure the upper contour. LIMIT: No frame exposes the complete neutral anterior side profile. Posed cloth cannot determine forward depth.",False,False
A,S4-NEAR-FRONT,fullest_region,Height and breadth of maximum depth,CONSISTENT BUT UNOBSERVED,O,"Higher, shorter fullest span",docs/model-reviews/emilia-arc6-reference-analysis-v2/references/emilia_neutral_front.jpeg,"The center purple field and part of the lower right outline are exposed. Hair, sleeves, uneven hems and an oblique camera obscure the upper contour.","The center purple field and part of the lower right outline are exposed. Hair, sleeves, uneven hems and an oblique camera obscure the upper contour. LIMIT: Visible painted marks and changing hems are not maximum-depth landmarks. The neutral fullest span remains unobserved.",False,False
B,S4-NEAR-FRONT,fullest_region,Height and breadth of maximum depth,CONSISTENT BUT UNOBSERVED,O,Longer broad fullest span around C-D,docs/model-reviews/emilia-arc6-reference-analysis-v2/references/emilia_neutral_front.jpeg,"The center purple field and part of the lower right outline are exposed. Hair, sleeves, uneven hems and an oblique camera obscure the upper contour.","The center purple field and part of the lower right outline are exposed. Hair, sleeves, uneven hems and an oblique camera obscure the upper contour. LIMIT: Visible painted marks and changing hems are not maximum-depth landmarks. The neutral fullest span remains unobserved.",False,False
C,S4-NEAR-FRONT,fullest_region,Height and breadth of maximum depth,CONSISTENT BUT UNOBSERVED,O,Lower bounded fullest span,docs/model-reviews/emilia-arc6-reference-analysis-v2/references/emilia_neutral_front.jpeg,"The center purple field and part of the lower right outline are exposed. Hair, sleeves, uneven hems and an oblique camera obscure the upper contour.","The center purple field and part of the lower right outline are exposed. Hair, sleeves, uneven hems and an oblique camera obscure the upper contour. LIMIT: Visible painted marks and changing hems are not maximum-depth landmarks. The neutral fullest span remains unobserved.",False,False
A,S4-NEAR-FRONT,oblique_wrap,Continuous turn toward the ribcage,WEAKLY CONSTRAINED,W,Turning weighted toward the anterior arc,docs/model-reviews/emilia-arc6-reference-analysis-v2/references/emilia_neutral_front.jpeg,"The center purple field and part of the lower right outline are exposed. Hair, sleeves, uneven hems and an oblique camera obscure the upper contour.","The center purple field and part of the lower right outline are exposed. Hair, sleeves, uneven hems and an oblique camera obscure the upper contour. LIMIT: Partial purple exposure in oblique poses weakly constrains a connection toward the lower ribcage. The hidden upper wrap remains free.",False,False
B,S4-NEAR-FRONT,oblique_wrap,Continuous turn toward the ribcage,WEAKLY CONSTRAINED,W,Extended lateral turning zone,docs/model-reviews/emilia-arc6-reference-analysis-v2/references/emilia_neutral_front.jpeg,"The center purple field and part of the lower right outline are exposed. Hair, sleeves, uneven hems and an oblique camera obscure the upper contour.","The center purple field and part of the lower right outline are exposed. Hair, sleeves, uneven hems and an oblique camera obscure the upper contour. LIMIT: Partial purple exposure in oblique poses weakly constrains a connection toward the lower ribcage. The hidden upper wrap remains free.",False,False
C,S4-NEAR-FRONT,oblique_wrap,Continuous turn toward the ribcage,WEAKLY CONSTRAINED,W,Sidewall retained while anterior sectors turn forward,docs/model-reviews/emilia-arc6-reference-analysis-v2/references/emilia_neutral_front.jpeg,"The center purple field and part of the lower right outline are exposed. Hair, sleeves, uneven hems and an oblique camera obscure the upper contour.","The center purple field and part of the lower right outline are exposed. Hair, sleeves, uneven hems and an oblique camera obscure the upper contour. LIMIT: Partial purple exposure in oblique poses weakly constrains a connection toward the lower ribcage. The hidden upper wrap remains free.",False,False
A,S4-NEAR-FRONT,lower_return,Hidden lower return length / curvature,WEAKLY CONSTRAINED,W,Long taper beginning above section D,docs/model-reviews/emilia-arc6-reference-analysis-v2/references/emilia_neutral_front.jpeg,"The center purple field and part of the lower right outline are exposed. Hair, sleeves, uneven hems and an oblique camera obscure the upper contour.","The center purple field and part of the lower right outline are exposed. Hair, sleeves, uneven hems and an oblique camera obscure the upper contour. LIMIT: Exposed lower surface supplies local clues. The complete return under cloth is not observed and no scallop sets its height.",False,False
B,S4-NEAR-FRONT,lower_return,Hidden lower return length / curvature,WEAKLY CONSTRAINED,W,Delayed return with a longer middle span,docs/model-reviews/emilia-arc6-reference-analysis-v2/references/emilia_neutral_front.jpeg,"The center purple field and part of the lower right outline are exposed. Hair, sleeves, uneven hems and an oblique camera obscure the upper contour.","The center purple field and part of the lower right outline are exposed. Hair, sleeves, uneven hems and an oblique camera obscure the upper contour. LIMIT: Exposed lower surface supplies local clues. The complete return under cloth is not observed and no scallop sets its height.",False,False
C,S4-NEAR-FRONT,lower_return,Hidden lower return length / curvature,WEAKLY CONSTRAINED,W,Long smooth return after the later maximum,docs/model-reviews/emilia-arc6-reference-analysis-v2/references/emilia_neutral_front.jpeg,"The center purple field and part of the lower right outline are exposed. Hair, sleeves, uneven hems and an oblique camera obscure the upper contour.","The center purple field and part of the lower right outline are exposed. Hair, sleeves, uneven hems and an oblique camera obscure the upper contour. LIMIT: Exposed lower surface supplies local clues. The complete return under cloth is not observed and no scallop sets its height.",False,False
A,S4-NEAR-FRONT,whole_sections,Complete horizontal section shape,CONSISTENT BUT UNOBSERVED,O,Rounded anterior taper with a shared posterior ribcage context,docs/model-reviews/emilia-arc6-reference-analysis-v2/references/emilia_neutral_front.jpeg,"The center purple field and part of the lower right outline are exposed. Hair, sleeves, uneven hems and an oblique camera obscure the upper contour.","The center purple field and part of the lower right outline are exposed. Hair, sleeves, uneven hems and an oblique camera obscure the upper contour. LIMIT: No supplied original frame is a torso cross-section. Posterior extent, lateral turning and medial depth cannot be recovered as a whole perimeter.",False,False
B,S4-NEAR-FRONT,whole_sections,Complete horizontal section shape,CONSISTENT BUT UNOBSERVED,O,Broad front-facing arcs and changing lateral walls,docs/model-reviews/emilia-arc6-reference-analysis-v2/references/emilia_neutral_front.jpeg,"The center purple field and part of the lower right outline are exposed. Hair, sleeves, uneven hems and an oblique camera obscure the upper contour.","The center purple field and part of the lower right outline are exposed. Hair, sleeves, uneven hems and an oblique camera obscure the upper contour. LIMIT: No supplied original frame is a torso cross-section. Posterior extent, lateral turning and medial depth cannot be recovered as a whole perimeter.",False,False
C,S4-NEAR-FRONT,whole_sections,Complete horizontal section shape,CONSISTENT BUT UNOBSERVED,O,"Continuous front sectors and a shallow bridge, not attached circles",docs/model-reviews/emilia-arc6-reference-analysis-v2/references/emilia_neutral_front.jpeg,"The center purple field and part of the lower right outline are exposed. Hair, sleeves, uneven hems and an oblique camera obscure the upper contour.","The center purple field and part of the lower right outline are exposed. Hair, sleeves, uneven hems and an oblique camera obscure the upper contour. LIMIT: No supplied original frame is a torso cross-section. Posterior extent, lateral turning and medial depth cannot be recovered as a whole perimeter.",False,False
A,S4-NEAR-FRONT,physical_contact,Physical cloth/body contact map,CONSISTENT BUT UNOBSERVED,O,Shared visible-field / evidence-ownership condition,docs/model-reviews/emilia-arc6-reference-analysis-v2/references/emilia_neutral_front.jpeg,"The center purple field and part of the lower right outline are exposed. Hair, sleeves, uneven hems and an oblique camera obscure the upper contour.","The center purple field and part of the lower right outline are exposed. Hair, sleeves, uneven hems and an oblique camera obscure the upper contour. LIMIT: UNKNOWN RELATIONSHIP. White and purple meeting in 2D does not prove touching, close-follow, lift or an air gap.",False,True
B,S4-NEAR-FRONT,physical_contact,Physical cloth/body contact map,CONSISTENT BUT UNOBSERVED,O,Shared visible-field / evidence-ownership condition,docs/model-reviews/emilia-arc6-reference-analysis-v2/references/emilia_neutral_front.jpeg,"The center purple field and part of the lower right outline are exposed. Hair, sleeves, uneven hems and an oblique camera obscure the upper contour.","The center purple field and part of the lower right outline are exposed. Hair, sleeves, uneven hems and an oblique camera obscure the upper contour. LIMIT: UNKNOWN RELATIONSHIP. White and purple meeting in 2D does not prove touching, close-follow, lift or an air gap.",False,True
C,S4-NEAR-FRONT,physical_contact,Physical cloth/body contact map,CONSISTENT BUT UNOBSERVED,O,Shared visible-field / evidence-ownership condition,docs/model-reviews/emilia-arc6-reference-analysis-v2/references/emilia_neutral_front.jpeg,"The center purple field and part of the lower right outline are exposed. Hair, sleeves, uneven hems and an oblique camera obscure the upper contour.","The center purple field and part of the lower right outline are exposed. Hair, sleeves, uneven hems and an oblique camera obscure the upper contour. LIMIT: UNKNOWN RELATIONSHIP. White and purple meeting in 2D does not prove touching, close-follow, lift or an air gap.",False,True
A,S4-OPENING,visible_purple,Exposed purple surface is connected,DIRECTLY SUPPORTED,D,Shared visible-field / evidence-ownership condition,docs/model-reviews/emilia-arc6-body-contour-review/references/emilia_opening_reference.jpeg,"A continuous purple field, painted curves, white inner edges and foreground rods are visible. No free complete outer torso silhouette or posterior limit is shown.","A continuous purple field, painted curves, white inner edges and foreground rods are visible. No free complete outer torso silhouette or posterior limit is shown. LIMIT: Direct support applies to the local visible purple field only. It does not establish hidden depth or connectivity behind every occluder.",False,False
B,S4-OPENING,visible_purple,Exposed purple surface is connected,DIRECTLY SUPPORTED,D,Shared visible-field / evidence-ownership condition,docs/model-reviews/emilia-arc6-body-contour-review/references/emilia_opening_reference.jpeg,"A continuous purple field, painted curves, white inner edges and foreground rods are visible. No free complete outer torso silhouette or posterior limit is shown.","A continuous purple field, painted curves, white inner edges and foreground rods are visible. No free complete outer torso silhouette or posterior limit is shown. LIMIT: Direct support applies to the local visible purple field only. It does not establish hidden depth or connectivity behind every occluder.",False,False
C,S4-OPENING,visible_purple,Exposed purple surface is connected,DIRECTLY SUPPORTED,D,Shared visible-field / evidence-ownership condition,docs/model-reviews/emilia-arc6-body-contour-review/references/emilia_opening_reference.jpeg,"A continuous purple field, painted curves, white inner edges and foreground rods are visible. No free complete outer torso silhouette or posterior limit is shown.","A continuous purple field, painted curves, white inner edges and foreground rods are visible. No free complete outer torso silhouette or posterior limit is shown. LIMIT: Direct support applies to the local visible purple field only. It does not establish hidden depth or connectivity behind every occluder.",False,False
A,S4-OPENING,cloth_overlap,White cloth edges bound / overlap purple,DIRECTLY SUPPORTED,D,Shared visible-field / evidence-ownership condition,docs/model-reviews/emilia-arc6-body-contour-review/references/emilia_opening_reference.jpeg,"A continuous purple field, painted curves, white inner edges and foreground rods are visible. No free complete outer torso silhouette or posterior limit is shown.","A continuous purple field, painted curves, white inner edges and foreground rods are visible. No free complete outer torso silhouette or posterior limit is shown. LIMIT: The image separates cloth boundaries from purple surface. This constrains evidence ownership, not torso projection.",False,False
B,S4-OPENING,cloth_overlap,White cloth edges bound / overlap purple,DIRECTLY SUPPORTED,D,Shared visible-field / evidence-ownership condition,docs/model-reviews/emilia-arc6-body-contour-review/references/emilia_opening_reference.jpeg,"A continuous purple field, painted curves, white inner edges and foreground rods are visible. No free complete outer torso silhouette or posterior limit is shown.","A continuous purple field, painted curves, white inner edges and foreground rods are visible. No free complete outer torso silhouette or posterior limit is shown. LIMIT: The image separates cloth boundaries from purple surface. This constrains evidence ownership, not torso projection.",False,False
C,S4-OPENING,cloth_overlap,White cloth edges bound / overlap purple,DIRECTLY SUPPORTED,D,Shared visible-field / evidence-ownership condition,docs/model-reviews/emilia-arc6-body-contour-review/references/emilia_opening_reference.jpeg,"A continuous purple field, painted curves, white inner edges and foreground rods are visible. No free complete outer torso silhouette or posterior limit is shown.","A continuous purple field, painted curves, white inner edges and foreground rods are visible. No free complete outer torso silhouette or posterior limit is shown. LIMIT: The image separates cloth boundaries from purple surface. This constrains evidence ownership, not torso projection.",False,False
A,S4-OPENING,lower_outline,Smooth exposed lower torso connection,CONSISTENT BUT UNOBSERVED,O,Shared visible-field / evidence-ownership condition,docs/model-reviews/emilia-arc6-body-contour-review/references/emilia_opening_reference.jpeg,"A continuous purple field, painted curves, white inner edges and foreground rods are visible. No free complete outer torso silhouette or posterior limit is shown.","A continuous purple field, painted curves, white inner edges and foreground rods are visible. No free complete outer torso silhouette or posterior limit is shown. LIMIT: Near-front artwork exposes a smooth lower purple outline. Other poses provide partial, camera-dependent constraints, not a neutral upper-return curve.",False,False
B,S4-OPENING,lower_outline,Smooth exposed lower torso connection,CONSISTENT BUT UNOBSERVED,O,Shared visible-field / evidence-ownership condition,docs/model-reviews/emilia-arc6-body-contour-review/references/emilia_opening_reference.jpeg,"A continuous purple field, painted curves, white inner edges and foreground rods are visible. No free complete outer torso silhouette or posterior limit is shown.","A continuous purple field, painted curves, white inner edges and foreground rods are visible. No free complete outer torso silhouette or posterior limit is shown. LIMIT: Near-front artwork exposes a smooth lower purple outline. Other poses provide partial, camera-dependent constraints, not a neutral upper-return curve.",False,False
C,S4-OPENING,lower_outline,Smooth exposed lower torso connection,CONSISTENT BUT UNOBSERVED,O,Shared visible-field / evidence-ownership condition,docs/model-reviews/emilia-arc6-body-contour-review/references/emilia_opening_reference.jpeg,"A continuous purple field, painted curves, white inner edges and foreground rods are visible. No free complete outer torso silhouette or posterior limit is shown.","A continuous purple field, painted curves, white inner edges and foreground rods are visible. No free complete outer torso silhouette or posterior limit is shown. LIMIT: Near-front artwork exposes a smooth lower purple outline. Other poses provide partial, camera-dependent constraints, not a neutral upper-return curve.",False,False
A,S4-OPENING,front_width,Upper front width / outer transition,CONSISTENT BUT UNOBSERVED,O,"Higher, relatively compact outer envelope",docs/model-reviews/emilia-arc6-body-contour-review/references/emilia_opening_reference.jpeg,"A continuous purple field, painted curves, white inner edges and foreground rods are visible. No free complete outer torso silhouette or posterior limit is shown.","A continuous purple field, painted curves, white inner edges and foreground rods are visible. No free complete outer torso silhouette or posterior limit is shown. LIMIT: Exposed lower outlines and shoulder/arm context provide coarse bounds. The white-covered fullest width is not observed.",False,False
B,S4-OPENING,front_width,Upper front width / outer transition,CONSISTENT BUT UNOBSERVED,O,Wider middle envelope,docs/model-reviews/emilia-arc6-body-contour-review/references/emilia_opening_reference.jpeg,"A continuous purple field, painted curves, white inner edges and foreground rods are visible. No free complete outer torso silhouette or posterior limit is shown.","A continuous purple field, painted curves, white inner edges and foreground rods are visible. No free complete outer torso silhouette or posterior limit is shown. LIMIT: Exposed lower outlines and shoulder/arm context provide coarse bounds. The white-covered fullest width is not observed.",False,False
C,S4-OPENING,front_width,Upper front width / outer transition,CONSISTENT BUT UNOBSERVED,O,"Narrower upper envelope, later fullness",docs/model-reviews/emilia-arc6-body-contour-review/references/emilia_opening_reference.jpeg,"A continuous purple field, painted curves, white inner edges and foreground rods are visible. No free complete outer torso silhouette or posterior limit is shown.","A continuous purple field, painted curves, white inner edges and foreground rods are visible. No free complete outer torso silhouette or posterior limit is shown. LIMIT: Exposed lower outlines and shoulder/arm context provide coarse bounds. The white-covered fullest width is not observed.",False,False
A,S4-OPENING,medial_distribution,Outer-to-medial anterior distribution,WEAKLY CONSTRAINED,W,Stronger medial-to-outer curvature with receding front flanks,docs/model-reviews/emilia-arc6-body-contour-review/references/emilia_opening_reference.jpeg,"A continuous purple field, painted curves, white inner edges and foreground rods are visible. No free complete outer torso silhouette or posterior limit is shown.","A continuous purple field, painted curves, white inner edges and foreground rods are visible. No free complete outer torso silhouette or posterior limit is shown. LIMIT: Purple painted lines and tones provide weak curvature clues. Cloth shadows, stylization, pose and perspective prevent depth reconstruction.",False,False
B,S4-OPENING,medial_distribution,Outer-to-medial anterior distribution,WEAKLY CONSTRAINED,W,Broad curved anterior sweep extending toward the outer sectors,docs/model-reviews/emilia-arc6-body-contour-review/references/emilia_opening_reference.jpeg,"A continuous purple field, painted curves, white inner edges and foreground rods are visible. No free complete outer torso silhouette or posterior limit is shown.","A continuous purple field, painted curves, white inner edges and foreground rods are visible. No free complete outer torso silhouette or posterior limit is shown. LIMIT: Purple painted lines and tones provide weak curvature clues. Cloth shadows, stylization, pose and perspective prevent depth reconstruction.",False,False
C,S4-OPENING,medial_distribution,Outer-to-medial anterior distribution,WEAKLY CONSTRAINED,W,Gentle anterior sectors joined by a shallow medial bridge,docs/model-reviews/emilia-arc6-body-contour-review/references/emilia_opening_reference.jpeg,"A continuous purple field, painted curves, white inner edges and foreground rods are visible. No free complete outer torso silhouette or posterior limit is shown.","A continuous purple field, painted curves, white inner edges and foreground rods are visible. No free complete outer torso silhouette or posterior limit is shown. LIMIT: Purple painted lines and tones provide weak curvature clues. Cloth shadows, stylization, pose and perspective prevent depth reconstruction.",False,False
A,S4-OPENING,upper_onset,Neutral upper onset trajectory,CONSISTENT BUT UNOBSERVED,O,Earlier continuously curving onset,docs/model-reviews/emilia-arc6-body-contour-review/references/emilia_opening_reference.jpeg,"A continuous purple field, painted curves, white inner edges and foreground rods are visible. No free complete outer torso silhouette or posterior limit is shown.","A continuous purple field, painted curves, white inner edges and foreground rods are visible. No free complete outer torso silhouette or posterior limit is shown. LIMIT: The relevant upper torso is concealed; a neckline or white/purple border does not reveal the underlying onset.",False,False
B,S4-OPENING,upper_onset,Neutral upper onset trajectory,CONSISTENT BUT UNOBSERVED,O,Later onset than A,docs/model-reviews/emilia-arc6-body-contour-review/references/emilia_opening_reference.jpeg,"A continuous purple field, painted curves, white inner edges and foreground rods are visible. No free complete outer torso silhouette or posterior limit is shown.","A continuous purple field, painted curves, white inner edges and foreground rods are visible. No free complete outer torso silhouette or posterior limit is shown. LIMIT: The relevant upper torso is concealed; a neckline or white/purple border does not reveal the underlying onset.",False,False
C,S4-OPENING,upper_onset,Neutral upper onset trajectory,CONSISTENT BUT UNOBSERVED,O,Latest gradual onset,docs/model-reviews/emilia-arc6-body-contour-review/references/emilia_opening_reference.jpeg,"A continuous purple field, painted curves, white inner edges and foreground rods are visible. No free complete outer torso silhouette or posterior limit is shown.","A continuous purple field, painted curves, white inner edges and foreground rods are visible. No free complete outer torso silhouette or posterior limit is shown. LIMIT: The relevant upper torso is concealed; a neckline or white/purple border does not reveal the underlying onset.",False,False
A,S4-OPENING,maximum_depth,Maximum neutral forward depth,CONSISTENT BUT UNOBSERVED,O,Compact forward maximum in the upper middle,docs/model-reviews/emilia-arc6-body-contour-review/references/emilia_opening_reference.jpeg,"A continuous purple field, painted curves, white inner edges and foreground rods are visible. No free complete outer torso silhouette or posterior limit is shown.","A continuous purple field, painted curves, white inner edges and foreground rods are visible. No free complete outer torso silhouette or posterior limit is shown. LIMIT: No frame exposes the complete neutral anterior side profile. Posed cloth cannot determine forward depth.",False,False
B,S4-OPENING,maximum_depth,Maximum neutral forward depth,CONSISTENT BUT UNOBSERVED,O,Broader forward maximum around the middle,docs/model-reviews/emilia-arc6-body-contour-review/references/emilia_opening_reference.jpeg,"A continuous purple field, painted curves, white inner edges and foreground rods are visible. No free complete outer torso silhouette or posterior limit is shown.","A continuous purple field, painted curves, white inner edges and foreground rods are visible. No free complete outer torso silhouette or posterior limit is shown. LIMIT: No frame exposes the complete neutral anterior side profile. Posed cloth cannot determine forward depth.",False,False
C,S4-OPENING,maximum_depth,Maximum neutral forward depth,CONSISTENT BUT UNOBSERVED,O,Later maximum between sections C-D,docs/model-reviews/emilia-arc6-body-contour-review/references/emilia_opening_reference.jpeg,"A continuous purple field, painted curves, white inner edges and foreground rods are visible. No free complete outer torso silhouette or posterior limit is shown.","A continuous purple field, painted curves, white inner edges and foreground rods are visible. No free complete outer torso silhouette or posterior limit is shown. LIMIT: No frame exposes the complete neutral anterior side profile. Posed cloth cannot determine forward depth.",False,False
A,S4-OPENING,fullest_region,Height and breadth of maximum depth,CONSISTENT BUT UNOBSERVED,O,"Higher, shorter fullest span",docs/model-reviews/emilia-arc6-body-contour-review/references/emilia_opening_reference.jpeg,"A continuous purple field, painted curves, white inner edges and foreground rods are visible. No free complete outer torso silhouette or posterior limit is shown.","A continuous purple field, painted curves, white inner edges and foreground rods are visible. No free complete outer torso silhouette or posterior limit is shown. LIMIT: Visible painted marks and changing hems are not maximum-depth landmarks. The neutral fullest span remains unobserved.",False,False
B,S4-OPENING,fullest_region,Height and breadth of maximum depth,CONSISTENT BUT UNOBSERVED,O,Longer broad fullest span around C-D,docs/model-reviews/emilia-arc6-body-contour-review/references/emilia_opening_reference.jpeg,"A continuous purple field, painted curves, white inner edges and foreground rods are visible. No free complete outer torso silhouette or posterior limit is shown.","A continuous purple field, painted curves, white inner edges and foreground rods are visible. No free complete outer torso silhouette or posterior limit is shown. LIMIT: Visible painted marks and changing hems are not maximum-depth landmarks. The neutral fullest span remains unobserved.",False,False
C,S4-OPENING,fullest_region,Height and breadth of maximum depth,CONSISTENT BUT UNOBSERVED,O,Lower bounded fullest span,docs/model-reviews/emilia-arc6-body-contour-review/references/emilia_opening_reference.jpeg,"A continuous purple field, painted curves, white inner edges and foreground rods are visible. No free complete outer torso silhouette or posterior limit is shown.","A continuous purple field, painted curves, white inner edges and foreground rods are visible. No free complete outer torso silhouette or posterior limit is shown. LIMIT: Visible painted marks and changing hems are not maximum-depth landmarks. The neutral fullest span remains unobserved.",False,False
A,S4-OPENING,oblique_wrap,Continuous turn toward the ribcage,CONSISTENT BUT UNOBSERVED,O,Turning weighted toward the anterior arc,docs/model-reviews/emilia-arc6-body-contour-review/references/emilia_opening_reference.jpeg,"A continuous purple field, painted curves, white inner edges and foreground rods are visible. No free complete outer torso silhouette or posterior limit is shown.","A continuous purple field, painted curves, white inner edges and foreground rods are visible. No free complete outer torso silhouette or posterior limit is shown. LIMIT: Partial purple exposure in oblique poses weakly constrains a connection toward the lower ribcage. The hidden upper wrap remains free.",False,False
B,S4-OPENING,oblique_wrap,Continuous turn toward the ribcage,CONSISTENT BUT UNOBSERVED,O,Extended lateral turning zone,docs/model-reviews/emilia-arc6-body-contour-review/references/emilia_opening_reference.jpeg,"A continuous purple field, painted curves, white inner edges and foreground rods are visible. No free complete outer torso silhouette or posterior limit is shown.","A continuous purple field, painted curves, white inner edges and foreground rods are visible. No free complete outer torso silhouette or posterior limit is shown. LIMIT: Partial purple exposure in oblique poses weakly constrains a connection toward the lower ribcage. The hidden upper wrap remains free.",False,False
C,S4-OPENING,oblique_wrap,Continuous turn toward the ribcage,CONSISTENT BUT UNOBSERVED,O,Sidewall retained while anterior sectors turn forward,docs/model-reviews/emilia-arc6-body-contour-review/references/emilia_opening_reference.jpeg,"A continuous purple field, painted curves, white inner edges and foreground rods are visible. No free complete outer torso silhouette or posterior limit is shown.","A continuous purple field, painted curves, white inner edges and foreground rods are visible. No free complete outer torso silhouette or posterior limit is shown. LIMIT: Partial purple exposure in oblique poses weakly constrains a connection toward the lower ribcage. The hidden upper wrap remains free.",False,False
A,S4-OPENING,lower_return,Hidden lower return length / curvature,CONSISTENT BUT UNOBSERVED,O,Long taper beginning above section D,docs/model-reviews/emilia-arc6-body-contour-review/references/emilia_opening_reference.jpeg,"A continuous purple field, painted curves, white inner edges and foreground rods are visible. No free complete outer torso silhouette or posterior limit is shown.","A continuous purple field, painted curves, white inner edges and foreground rods are visible. No free complete outer torso silhouette or posterior limit is shown. LIMIT: Exposed lower surface supplies local clues. The complete return under cloth is not observed and no scallop sets its height.",False,False
B,S4-OPENING,lower_return,Hidden lower return length / curvature,CONSISTENT BUT UNOBSERVED,O,Delayed return with a longer middle span,docs/model-reviews/emilia-arc6-body-contour-review/references/emilia_opening_reference.jpeg,"A continuous purple field, painted curves, white inner edges and foreground rods are visible. No free complete outer torso silhouette or posterior limit is shown.","A continuous purple field, painted curves, white inner edges and foreground rods are visible. No free complete outer torso silhouette or posterior limit is shown. LIMIT: Exposed lower surface supplies local clues. The complete return under cloth is not observed and no scallop sets its height.",False,False
C,S4-OPENING,lower_return,Hidden lower return length / curvature,CONSISTENT BUT UNOBSERVED,O,Long smooth return after the later maximum,docs/model-reviews/emilia-arc6-body-contour-review/references/emilia_opening_reference.jpeg,"A continuous purple field, painted curves, white inner edges and foreground rods are visible. No free complete outer torso silhouette or posterior limit is shown.","A continuous purple field, painted curves, white inner edges and foreground rods are visible. No free complete outer torso silhouette or posterior limit is shown. LIMIT: Exposed lower surface supplies local clues. The complete return under cloth is not observed and no scallop sets its height.",False,False
A,S4-OPENING,whole_sections,Complete horizontal section shape,CONSISTENT BUT UNOBSERVED,O,Rounded anterior taper with a shared posterior ribcage context,docs/model-reviews/emilia-arc6-body-contour-review/references/emilia_opening_reference.jpeg,"A continuous purple field, painted curves, white inner edges and foreground rods are visible. No free complete outer torso silhouette or posterior limit is shown.","A continuous purple field, painted curves, white inner edges and foreground rods are visible. No free complete outer torso silhouette or posterior limit is shown. LIMIT: No supplied original frame is a torso cross-section. Posterior extent, lateral turning and medial depth cannot be recovered as a whole perimeter.",False,False
B,S4-OPENING,whole_sections,Complete horizontal section shape,CONSISTENT BUT UNOBSERVED,O,Broad front-facing arcs and changing lateral walls,docs/model-reviews/emilia-arc6-body-contour-review/references/emilia_opening_reference.jpeg,"A continuous purple field, painted curves, white inner edges and foreground rods are visible. No free complete outer torso silhouette or posterior limit is shown.","A continuous purple field, painted curves, white inner edges and foreground rods are visible. No free complete outer torso silhouette or posterior limit is shown. LIMIT: No supplied original frame is a torso cross-section. Posterior extent, lateral turning and medial depth cannot be recovered as a whole perimeter.",False,False
C,S4-OPENING,whole_sections,Complete horizontal section shape,CONSISTENT BUT UNOBSERVED,O,"Continuous front sectors and a shallow bridge, not attached circles",docs/model-reviews/emilia-arc6-body-contour-review/references/emilia_opening_reference.jpeg,"A continuous purple field, painted curves, white inner edges and foreground rods are visible. No free complete outer torso silhouette or posterior limit is shown.","A continuous purple field, painted curves, white inner edges and foreground rods are visible. No free complete outer torso silhouette or posterior limit is shown. LIMIT: No supplied original frame is a torso cross-section. Posterior extent, lateral turning and medial depth cannot be recovered as a whole perimeter.",False,False
A,S4-OPENING,physical_contact,Physical cloth/body contact map,CONSISTENT BUT UNOBSERVED,O,Shared visible-field / evidence-ownership condition,docs/model-reviews/emilia-arc6-body-contour-review/references/emilia_opening_reference.jpeg,"A continuous purple field, painted curves, white inner edges and foreground rods are visible. No free complete outer torso silhouette or posterior limit is shown.","A continuous purple field, painted curves, white inner edges and foreground rods are visible. No free complete outer torso silhouette or posterior limit is shown. LIMIT: UNKNOWN RELATIONSHIP. White and purple meeting in 2D does not prove touching, close-follow, lift or an air gap.",False,True
B,S4-OPENING,physical_contact,Physical cloth/body contact map,CONSISTENT BUT UNOBSERVED,O,Shared visible-field / evidence-ownership condition,docs/model-reviews/emilia-arc6-body-contour-review/references/emilia_opening_reference.jpeg,"A continuous purple field, painted curves, white inner edges and foreground rods are visible. No free complete outer torso silhouette or posterior limit is shown.","A continuous purple field, painted curves, white inner edges and foreground rods are visible. No free complete outer torso silhouette or posterior limit is shown. LIMIT: UNKNOWN RELATIONSHIP. White and purple meeting in 2D does not prove touching, close-follow, lift or an air gap.",False,True
C,S4-OPENING,physical_contact,Physical cloth/body contact map,CONSISTENT BUT UNOBSERVED,O,Shared visible-field / evidence-ownership condition,docs/model-reviews/emilia-arc6-body-contour-review/references/emilia_opening_reference.jpeg,"A continuous purple field, painted curves, white inner edges and foreground rods are visible. No free complete outer torso silhouette or posterior limit is shown.","A continuous purple field, painted curves, white inner edges and foreground rods are visible. No free complete outer torso silhouette or posterior limit is shown. LIMIT: UNKNOWN RELATIONSHIP. White and purple meeting in 2D does not prove touching, close-follow, lift or an air gap.",False,True
A,S4-RUNNING,visible_purple,Exposed purple surface is connected,DIRECTLY SUPPORTED,D,Shared visible-field / evidence-ownership condition,docs/model-reviews/emilia-arc6-body-contour-review/references/emilia_running_side_reference.jpg,"Purple painted curves and part of the lower side outline are visible beneath lifted scallops. Lean, cloth motion and foreshortening prevent a neutral side measurement.","Purple painted curves and part of the lower side outline are visible beneath lifted scallops. Lean, cloth motion and foreshortening prevent a neutral side measurement. LIMIT: Direct support applies to the local visible purple field only. It does not establish hidden depth or connectivity behind every occluder.",False,False
B,S4-RUNNING,visible_purple,Exposed purple surface is connected,DIRECTLY SUPPORTED,D,Shared visible-field / evidence-ownership condition,docs/model-reviews/emilia-arc6-body-contour-review/references/emilia_running_side_reference.jpg,"Purple painted curves and part of the lower side outline are visible beneath lifted scallops. Lean, cloth motion and foreshortening prevent a neutral side measurement.","Purple painted curves and part of the lower side outline are visible beneath lifted scallops. Lean, cloth motion and foreshortening prevent a neutral side measurement. LIMIT: Direct support applies to the local visible purple field only. It does not establish hidden depth or connectivity behind every occluder.",False,False
C,S4-RUNNING,visible_purple,Exposed purple surface is connected,DIRECTLY SUPPORTED,D,Shared visible-field / evidence-ownership condition,docs/model-reviews/emilia-arc6-body-contour-review/references/emilia_running_side_reference.jpg,"Purple painted curves and part of the lower side outline are visible beneath lifted scallops. Lean, cloth motion and foreshortening prevent a neutral side measurement.","Purple painted curves and part of the lower side outline are visible beneath lifted scallops. Lean, cloth motion and foreshortening prevent a neutral side measurement. LIMIT: Direct support applies to the local visible purple field only. It does not establish hidden depth or connectivity behind every occluder.",False,False
A,S4-RUNNING,cloth_overlap,White cloth edges bound / overlap purple,DIRECTLY SUPPORTED,D,Shared visible-field / evidence-ownership condition,docs/model-reviews/emilia-arc6-body-contour-review/references/emilia_running_side_reference.jpg,"Purple painted curves and part of the lower side outline are visible beneath lifted scallops. Lean, cloth motion and foreshortening prevent a neutral side measurement.","Purple painted curves and part of the lower side outline are visible beneath lifted scallops. Lean, cloth motion and foreshortening prevent a neutral side measurement. LIMIT: The image separates cloth boundaries from purple surface. This constrains evidence ownership, not torso projection.",False,False
B,S4-RUNNING,cloth_overlap,White cloth edges bound / overlap purple,DIRECTLY SUPPORTED,D,Shared visible-field / evidence-ownership condition,docs/model-reviews/emilia-arc6-body-contour-review/references/emilia_running_side_reference.jpg,"Purple painted curves and part of the lower side outline are visible beneath lifted scallops. Lean, cloth motion and foreshortening prevent a neutral side measurement.","Purple painted curves and part of the lower side outline are visible beneath lifted scallops. Lean, cloth motion and foreshortening prevent a neutral side measurement. LIMIT: The image separates cloth boundaries from purple surface. This constrains evidence ownership, not torso projection.",False,False
C,S4-RUNNING,cloth_overlap,White cloth edges bound / overlap purple,DIRECTLY SUPPORTED,D,Shared visible-field / evidence-ownership condition,docs/model-reviews/emilia-arc6-body-contour-review/references/emilia_running_side_reference.jpg,"Purple painted curves and part of the lower side outline are visible beneath lifted scallops. Lean, cloth motion and foreshortening prevent a neutral side measurement.","Purple painted curves and part of the lower side outline are visible beneath lifted scallops. Lean, cloth motion and foreshortening prevent a neutral side measurement. LIMIT: The image separates cloth boundaries from purple surface. This constrains evidence ownership, not torso projection.",False,False
A,S4-RUNNING,lower_outline,Smooth exposed lower torso connection,WEAKLY CONSTRAINED,W,Shared visible-field / evidence-ownership condition,docs/model-reviews/emilia-arc6-body-contour-review/references/emilia_running_side_reference.jpg,"Purple painted curves and part of the lower side outline are visible beneath lifted scallops. Lean, cloth motion and foreshortening prevent a neutral side measurement.","Purple painted curves and part of the lower side outline are visible beneath lifted scallops. Lean, cloth motion and foreshortening prevent a neutral side measurement. LIMIT: Near-front artwork exposes a smooth lower purple outline. Other poses provide partial, camera-dependent constraints, not a neutral upper-return curve.",False,False
B,S4-RUNNING,lower_outline,Smooth exposed lower torso connection,WEAKLY CONSTRAINED,W,Shared visible-field / evidence-ownership condition,docs/model-reviews/emilia-arc6-body-contour-review/references/emilia_running_side_reference.jpg,"Purple painted curves and part of the lower side outline are visible beneath lifted scallops. Lean, cloth motion and foreshortening prevent a neutral side measurement.","Purple painted curves and part of the lower side outline are visible beneath lifted scallops. Lean, cloth motion and foreshortening prevent a neutral side measurement. LIMIT: Near-front artwork exposes a smooth lower purple outline. Other poses provide partial, camera-dependent constraints, not a neutral upper-return curve.",False,False
C,S4-RUNNING,lower_outline,Smooth exposed lower torso connection,WEAKLY CONSTRAINED,W,Shared visible-field / evidence-ownership condition,docs/model-reviews/emilia-arc6-body-contour-review/references/emilia_running_side_reference.jpg,"Purple painted curves and part of the lower side outline are visible beneath lifted scallops. Lean, cloth motion and foreshortening prevent a neutral side measurement.","Purple painted curves and part of the lower side outline are visible beneath lifted scallops. Lean, cloth motion and foreshortening prevent a neutral side measurement. LIMIT: Near-front artwork exposes a smooth lower purple outline. Other poses provide partial, camera-dependent constraints, not a neutral upper-return curve.",False,False
A,S4-RUNNING,front_width,Upper front width / outer transition,CONSISTENT BUT UNOBSERVED,O,"Higher, relatively compact outer envelope",docs/model-reviews/emilia-arc6-body-contour-review/references/emilia_running_side_reference.jpg,"Purple painted curves and part of the lower side outline are visible beneath lifted scallops. Lean, cloth motion and foreshortening prevent a neutral side measurement.","Purple painted curves and part of the lower side outline are visible beneath lifted scallops. Lean, cloth motion and foreshortening prevent a neutral side measurement. LIMIT: Exposed lower outlines and shoulder/arm context provide coarse bounds. The white-covered fullest width is not observed.",False,False
B,S4-RUNNING,front_width,Upper front width / outer transition,CONSISTENT BUT UNOBSERVED,O,Wider middle envelope,docs/model-reviews/emilia-arc6-body-contour-review/references/emilia_running_side_reference.jpg,"Purple painted curves and part of the lower side outline are visible beneath lifted scallops. Lean, cloth motion and foreshortening prevent a neutral side measurement.","Purple painted curves and part of the lower side outline are visible beneath lifted scallops. Lean, cloth motion and foreshortening prevent a neutral side measurement. LIMIT: Exposed lower outlines and shoulder/arm context provide coarse bounds. The white-covered fullest width is not observed.",False,False
C,S4-RUNNING,front_width,Upper front width / outer transition,CONSISTENT BUT UNOBSERVED,O,"Narrower upper envelope, later fullness",docs/model-reviews/emilia-arc6-body-contour-review/references/emilia_running_side_reference.jpg,"Purple painted curves and part of the lower side outline are visible beneath lifted scallops. Lean, cloth motion and foreshortening prevent a neutral side measurement.","Purple painted curves and part of the lower side outline are visible beneath lifted scallops. Lean, cloth motion and foreshortening prevent a neutral side measurement. LIMIT: Exposed lower outlines and shoulder/arm context provide coarse bounds. The white-covered fullest width is not observed.",False,False
A,S4-RUNNING,medial_distribution,Outer-to-medial anterior distribution,WEAKLY CONSTRAINED,W,Stronger medial-to-outer curvature with receding front flanks,docs/model-reviews/emilia-arc6-body-contour-review/references/emilia_running_side_reference.jpg,"Purple painted curves and part of the lower side outline are visible beneath lifted scallops. Lean, cloth motion and foreshortening prevent a neutral side measurement.","Purple painted curves and part of the lower side outline are visible beneath lifted scallops. Lean, cloth motion and foreshortening prevent a neutral side measurement. LIMIT: Purple painted lines and tones provide weak curvature clues. Cloth shadows, stylization, pose and perspective prevent depth reconstruction.",False,False
B,S4-RUNNING,medial_distribution,Outer-to-medial anterior distribution,WEAKLY CONSTRAINED,W,Broad curved anterior sweep extending toward the outer sectors,docs/model-reviews/emilia-arc6-body-contour-review/references/emilia_running_side_reference.jpg,"Purple painted curves and part of the lower side outline are visible beneath lifted scallops. Lean, cloth motion and foreshortening prevent a neutral side measurement.","Purple painted curves and part of the lower side outline are visible beneath lifted scallops. Lean, cloth motion and foreshortening prevent a neutral side measurement. LIMIT: Purple painted lines and tones provide weak curvature clues. Cloth shadows, stylization, pose and perspective prevent depth reconstruction.",False,False
C,S4-RUNNING,medial_distribution,Outer-to-medial anterior distribution,WEAKLY CONSTRAINED,W,Gentle anterior sectors joined by a shallow medial bridge,docs/model-reviews/emilia-arc6-body-contour-review/references/emilia_running_side_reference.jpg,"Purple painted curves and part of the lower side outline are visible beneath lifted scallops. Lean, cloth motion and foreshortening prevent a neutral side measurement.","Purple painted curves and part of the lower side outline are visible beneath lifted scallops. Lean, cloth motion and foreshortening prevent a neutral side measurement. LIMIT: Purple painted lines and tones provide weak curvature clues. Cloth shadows, stylization, pose and perspective prevent depth reconstruction.",False,False
A,S4-RUNNING,upper_onset,Neutral upper onset trajectory,CONSISTENT BUT UNOBSERVED,O,Earlier continuously curving onset,docs/model-reviews/emilia-arc6-body-contour-review/references/emilia_running_side_reference.jpg,"Purple painted curves and part of the lower side outline are visible beneath lifted scallops. Lean, cloth motion and foreshortening prevent a neutral side measurement.","Purple painted curves and part of the lower side outline are visible beneath lifted scallops. Lean, cloth motion and foreshortening prevent a neutral side measurement. LIMIT: The relevant upper torso is concealed; a neckline or white/purple border does not reveal the underlying onset.",False,False
B,S4-RUNNING,upper_onset,Neutral upper onset trajectory,CONSISTENT BUT UNOBSERVED,O,Later onset than A,docs/model-reviews/emilia-arc6-body-contour-review/references/emilia_running_side_reference.jpg,"Purple painted curves and part of the lower side outline are visible beneath lifted scallops. Lean, cloth motion and foreshortening prevent a neutral side measurement.","Purple painted curves and part of the lower side outline are visible beneath lifted scallops. Lean, cloth motion and foreshortening prevent a neutral side measurement. LIMIT: The relevant upper torso is concealed; a neckline or white/purple border does not reveal the underlying onset.",False,False
C,S4-RUNNING,upper_onset,Neutral upper onset trajectory,CONSISTENT BUT UNOBSERVED,O,Latest gradual onset,docs/model-reviews/emilia-arc6-body-contour-review/references/emilia_running_side_reference.jpg,"Purple painted curves and part of the lower side outline are visible beneath lifted scallops. Lean, cloth motion and foreshortening prevent a neutral side measurement.","Purple painted curves and part of the lower side outline are visible beneath lifted scallops. Lean, cloth motion and foreshortening prevent a neutral side measurement. LIMIT: The relevant upper torso is concealed; a neckline or white/purple border does not reveal the underlying onset.",False,False
A,S4-RUNNING,maximum_depth,Maximum neutral forward depth,CONSISTENT BUT UNOBSERVED,O,Compact forward maximum in the upper middle,docs/model-reviews/emilia-arc6-body-contour-review/references/emilia_running_side_reference.jpg,"Purple painted curves and part of the lower side outline are visible beneath lifted scallops. Lean, cloth motion and foreshortening prevent a neutral side measurement.","Purple painted curves and part of the lower side outline are visible beneath lifted scallops. Lean, cloth motion and foreshortening prevent a neutral side measurement. LIMIT: No frame exposes the complete neutral anterior side profile. Posed cloth cannot determine forward depth.",False,False
B,S4-RUNNING,maximum_depth,Maximum neutral forward depth,CONSISTENT BUT UNOBSERVED,O,Broader forward maximum around the middle,docs/model-reviews/emilia-arc6-body-contour-review/references/emilia_running_side_reference.jpg,"Purple painted curves and part of the lower side outline are visible beneath lifted scallops. Lean, cloth motion and foreshortening prevent a neutral side measurement.","Purple painted curves and part of the lower side outline are visible beneath lifted scallops. Lean, cloth motion and foreshortening prevent a neutral side measurement. LIMIT: No frame exposes the complete neutral anterior side profile. Posed cloth cannot determine forward depth.",False,False
C,S4-RUNNING,maximum_depth,Maximum neutral forward depth,CONSISTENT BUT UNOBSERVED,O,Later maximum between sections C-D,docs/model-reviews/emilia-arc6-body-contour-review/references/emilia_running_side_reference.jpg,"Purple painted curves and part of the lower side outline are visible beneath lifted scallops. Lean, cloth motion and foreshortening prevent a neutral side measurement.","Purple painted curves and part of the lower side outline are visible beneath lifted scallops. Lean, cloth motion and foreshortening prevent a neutral side measurement. LIMIT: No frame exposes the complete neutral anterior side profile. Posed cloth cannot determine forward depth.",False,False
A,S4-RUNNING,fullest_region,Height and breadth of maximum depth,CONSISTENT BUT UNOBSERVED,O,"Higher, shorter fullest span",docs/model-reviews/emilia-arc6-body-contour-review/references/emilia_running_side_reference.jpg,"Purple painted curves and part of the lower side outline are visible beneath lifted scallops. Lean, cloth motion and foreshortening prevent a neutral side measurement.","Purple painted curves and part of the lower side outline are visible beneath lifted scallops. Lean, cloth motion and foreshortening prevent a neutral side measurement. LIMIT: Visible painted marks and changing hems are not maximum-depth landmarks. The neutral fullest span remains unobserved.",False,False
B,S4-RUNNING,fullest_region,Height and breadth of maximum depth,CONSISTENT BUT UNOBSERVED,O,Longer broad fullest span around C-D,docs/model-reviews/emilia-arc6-body-contour-review/references/emilia_running_side_reference.jpg,"Purple painted curves and part of the lower side outline are visible beneath lifted scallops. Lean, cloth motion and foreshortening prevent a neutral side measurement.","Purple painted curves and part of the lower side outline are visible beneath lifted scallops. Lean, cloth motion and foreshortening prevent a neutral side measurement. LIMIT: Visible painted marks and changing hems are not maximum-depth landmarks. The neutral fullest span remains unobserved.",False,False
C,S4-RUNNING,fullest_region,Height and breadth of maximum depth,CONSISTENT BUT UNOBSERVED,O,Lower bounded fullest span,docs/model-reviews/emilia-arc6-body-contour-review/references/emilia_running_side_reference.jpg,"Purple painted curves and part of the lower side outline are visible beneath lifted scallops. Lean, cloth motion and foreshortening prevent a neutral side measurement.","Purple painted curves and part of the lower side outline are visible beneath lifted scallops. Lean, cloth motion and foreshortening prevent a neutral side measurement. LIMIT: Visible painted marks and changing hems are not maximum-depth landmarks. The neutral fullest span remains unobserved.",False,False
A,S4-RUNNING,oblique_wrap,Continuous turn toward the ribcage,WEAKLY CONSTRAINED,W,Turning weighted toward the anterior arc,docs/model-reviews/emilia-arc6-body-contour-review/references/emilia_running_side_reference.jpg,"Purple painted curves and part of the lower side outline are visible beneath lifted scallops. Lean, cloth motion and foreshortening prevent a neutral side measurement.","Purple painted curves and part of the lower side outline are visible beneath lifted scallops. Lean, cloth motion and foreshortening prevent a neutral side measurement. LIMIT: Partial purple exposure in oblique poses weakly constrains a connection toward the lower ribcage. The hidden upper wrap remains free.",False,False
B,S4-RUNNING,oblique_wrap,Continuous turn toward the ribcage,WEAKLY CONSTRAINED,W,Extended lateral turning zone,docs/model-reviews/emilia-arc6-body-contour-review/references/emilia_running_side_reference.jpg,"Purple painted curves and part of the lower side outline are visible beneath lifted scallops. Lean, cloth motion and foreshortening prevent a neutral side measurement.","Purple painted curves and part of the lower side outline are visible beneath lifted scallops. Lean, cloth motion and foreshortening prevent a neutral side measurement. LIMIT: Partial purple exposure in oblique poses weakly constrains a connection toward the lower ribcage. The hidden upper wrap remains free.",False,False
C,S4-RUNNING,oblique_wrap,Continuous turn toward the ribcage,WEAKLY CONSTRAINED,W,Sidewall retained while anterior sectors turn forward,docs/model-reviews/emilia-arc6-body-contour-review/references/emilia_running_side_reference.jpg,"Purple painted curves and part of the lower side outline are visible beneath lifted scallops. Lean, cloth motion and foreshortening prevent a neutral side measurement.","Purple painted curves and part of the lower side outline are visible beneath lifted scallops. Lean, cloth motion and foreshortening prevent a neutral side measurement. LIMIT: Partial purple exposure in oblique poses weakly constrains a connection toward the lower ribcage. The hidden upper wrap remains free.",False,False
A,S4-RUNNING,lower_return,Hidden lower return length / curvature,WEAKLY CONSTRAINED,W,Long taper beginning above section D,docs/model-reviews/emilia-arc6-body-contour-review/references/emilia_running_side_reference.jpg,"Purple painted curves and part of the lower side outline are visible beneath lifted scallops. Lean, cloth motion and foreshortening prevent a neutral side measurement.","Purple painted curves and part of the lower side outline are visible beneath lifted scallops. Lean, cloth motion and foreshortening prevent a neutral side measurement. LIMIT: Exposed lower surface supplies local clues. The complete return under cloth is not observed and no scallop sets its height.",False,False
B,S4-RUNNING,lower_return,Hidden lower return length / curvature,WEAKLY CONSTRAINED,W,Delayed return with a longer middle span,docs/model-reviews/emilia-arc6-body-contour-review/references/emilia_running_side_reference.jpg,"Purple painted curves and part of the lower side outline are visible beneath lifted scallops. Lean, cloth motion and foreshortening prevent a neutral side measurement.","Purple painted curves and part of the lower side outline are visible beneath lifted scallops. Lean, cloth motion and foreshortening prevent a neutral side measurement. LIMIT: Exposed lower surface supplies local clues. The complete return under cloth is not observed and no scallop sets its height.",False,False
C,S4-RUNNING,lower_return,Hidden lower return length / curvature,WEAKLY CONSTRAINED,W,Long smooth return after the later maximum,docs/model-reviews/emilia-arc6-body-contour-review/references/emilia_running_side_reference.jpg,"Purple painted curves and part of the lower side outline are visible beneath lifted scallops. Lean, cloth motion and foreshortening prevent a neutral side measurement.","Purple painted curves and part of the lower side outline are visible beneath lifted scallops. Lean, cloth motion and foreshortening prevent a neutral side measurement. LIMIT: Exposed lower surface supplies local clues. The complete return under cloth is not observed and no scallop sets its height.",False,False
A,S4-RUNNING,whole_sections,Complete horizontal section shape,CONSISTENT BUT UNOBSERVED,O,Rounded anterior taper with a shared posterior ribcage context,docs/model-reviews/emilia-arc6-body-contour-review/references/emilia_running_side_reference.jpg,"Purple painted curves and part of the lower side outline are visible beneath lifted scallops. Lean, cloth motion and foreshortening prevent a neutral side measurement.","Purple painted curves and part of the lower side outline are visible beneath lifted scallops. Lean, cloth motion and foreshortening prevent a neutral side measurement. LIMIT: No supplied original frame is a torso cross-section. Posterior extent, lateral turning and medial depth cannot be recovered as a whole perimeter.",False,False
B,S4-RUNNING,whole_sections,Complete horizontal section shape,CONSISTENT BUT UNOBSERVED,O,Broad front-facing arcs and changing lateral walls,docs/model-reviews/emilia-arc6-body-contour-review/references/emilia_running_side_reference.jpg,"Purple painted curves and part of the lower side outline are visible beneath lifted scallops. Lean, cloth motion and foreshortening prevent a neutral side measurement.","Purple painted curves and part of the lower side outline are visible beneath lifted scallops. Lean, cloth motion and foreshortening prevent a neutral side measurement. LIMIT: No supplied original frame is a torso cross-section. Posterior extent, lateral turning and medial depth cannot be recovered as a whole perimeter.",False,False
C,S4-RUNNING,whole_sections,Complete horizontal section shape,CONSISTENT BUT UNOBSERVED,O,"Continuous front sectors and a shallow bridge, not attached circles",docs/model-reviews/emilia-arc6-body-contour-review/references/emilia_running_side_reference.jpg,"Purple painted curves and part of the lower side outline are visible beneath lifted scallops. Lean, cloth motion and foreshortening prevent a neutral side measurement.","Purple painted curves and part of the lower side outline are visible beneath lifted scallops. Lean, cloth motion and foreshortening prevent a neutral side measurement. LIMIT: No supplied original frame is a torso cross-section. Posterior extent, lateral turning and medial depth cannot be recovered as a whole perimeter.",False,False
A,S4-RUNNING,physical_contact,Physical cloth/body contact map,CONSISTENT BUT UNOBSERVED,O,Shared visible-field / evidence-ownership condition,docs/model-reviews/emilia-arc6-body-contour-review/references/emilia_running_side_reference.jpg,"Purple painted curves and part of the lower side outline are visible beneath lifted scallops. Lean, cloth motion and foreshortening prevent a neutral side measurement.","Purple painted curves and part of the lower side outline are visible beneath lifted scallops. Lean, cloth motion and foreshortening prevent a neutral side measurement. LIMIT: UNKNOWN RELATIONSHIP. White and purple meeting in 2D does not prove touching, close-follow, lift or an air gap.",False,True
B,S4-RUNNING,physical_contact,Physical cloth/body contact map,CONSISTENT BUT UNOBSERVED,O,Shared visible-field / evidence-ownership condition,docs/model-reviews/emilia-arc6-body-contour-review/references/emilia_running_side_reference.jpg,"Purple painted curves and part of the lower side outline are visible beneath lifted scallops. Lean, cloth motion and foreshortening prevent a neutral side measurement.","Purple painted curves and part of the lower side outline are visible beneath lifted scallops. Lean, cloth motion and foreshortening prevent a neutral side measurement. LIMIT: UNKNOWN RELATIONSHIP. White and purple meeting in 2D does not prove touching, close-follow, lift or an air gap.",False,True
C,S4-RUNNING,physical_contact,Physical cloth/body contact map,CONSISTENT BUT UNOBSERVED,O,Shared visible-field / evidence-ownership condition,docs/model-reviews/emilia-arc6-body-contour-review/references/emilia_running_side_reference.jpg,"Purple painted curves and part of the lower side outline are visible beneath lifted scallops. Lean, cloth motion and foreshortening prevent a neutral side measurement.","Purple painted curves and part of the lower side outline are visible beneath lifted scallops. Lean, cloth motion and foreshortening prevent a neutral side measurement. LIMIT: UNKNOWN RELATIONSHIP. White and purple meeting in 2D does not prove touching, close-follow, lift or an air gap.",False,True
A,S4-SEATED,visible_purple,Exposed purple surface is connected,DIRECTLY SUPPORTED,D,Shared visible-field / evidence-ownership condition,docs/model-reviews/emilia-arc6-v3-s4-cross-validation/references/emilia_s4_seated_near_side.jpeg,"A narrow purple strip and lower purple surface are exposed. Seated/braced posture, white panels and sleeve overlap conceal upper anterior and posterior limits.","A narrow purple strip and lower purple surface are exposed. Seated/braced posture, white panels and sleeve overlap conceal upper anterior and posterior limits. LIMIT: Direct support applies to the local visible purple field only. It does not establish hidden depth or connectivity behind every occluder.",False,False
B,S4-SEATED,visible_purple,Exposed purple surface is connected,DIRECTLY SUPPORTED,D,Shared visible-field / evidence-ownership condition,docs/model-reviews/emilia-arc6-v3-s4-cross-validation/references/emilia_s4_seated_near_side.jpeg,"A narrow purple strip and lower purple surface are exposed. Seated/braced posture, white panels and sleeve overlap conceal upper anterior and posterior limits.","A narrow purple strip and lower purple surface are exposed. Seated/braced posture, white panels and sleeve overlap conceal upper anterior and posterior limits. LIMIT: Direct support applies to the local visible purple field only. It does not establish hidden depth or connectivity behind every occluder.",False,False
C,S4-SEATED,visible_purple,Exposed purple surface is connected,DIRECTLY SUPPORTED,D,Shared visible-field / evidence-ownership condition,docs/model-reviews/emilia-arc6-v3-s4-cross-validation/references/emilia_s4_seated_near_side.jpeg,"A narrow purple strip and lower purple surface are exposed. Seated/braced posture, white panels and sleeve overlap conceal upper anterior and posterior limits.","A narrow purple strip and lower purple surface are exposed. Seated/braced posture, white panels and sleeve overlap conceal upper anterior and posterior limits. LIMIT: Direct support applies to the local visible purple field only. It does not establish hidden depth or connectivity behind every occluder.",False,False
A,S4-SEATED,cloth_overlap,White cloth edges bound / overlap purple,DIRECTLY SUPPORTED,D,Shared visible-field / evidence-ownership condition,docs/model-reviews/emilia-arc6-v3-s4-cross-validation/references/emilia_s4_seated_near_side.jpeg,"A narrow purple strip and lower purple surface are exposed. Seated/braced posture, white panels and sleeve overlap conceal upper anterior and posterior limits.","A narrow purple strip and lower purple surface are exposed. Seated/braced posture, white panels and sleeve overlap conceal upper anterior and posterior limits. LIMIT: The image separates cloth boundaries from purple surface. This constrains evidence ownership, not torso projection.",False,False
B,S4-SEATED,cloth_overlap,White cloth edges bound / overlap purple,DIRECTLY SUPPORTED,D,Shared visible-field / evidence-ownership condition,docs/model-reviews/emilia-arc6-v3-s4-cross-validation/references/emilia_s4_seated_near_side.jpeg,"A narrow purple strip and lower purple surface are exposed. Seated/braced posture, white panels and sleeve overlap conceal upper anterior and posterior limits.","A narrow purple strip and lower purple surface are exposed. Seated/braced posture, white panels and sleeve overlap conceal upper anterior and posterior limits. LIMIT: The image separates cloth boundaries from purple surface. This constrains evidence ownership, not torso projection.",False,False
C,S4-SEATED,cloth_overlap,White cloth edges bound / overlap purple,DIRECTLY SUPPORTED,D,Shared visible-field / evidence-ownership condition,docs/model-reviews/emilia-arc6-v3-s4-cross-validation/references/emilia_s4_seated_near_side.jpeg,"A narrow purple strip and lower purple surface are exposed. Seated/braced posture, white panels and sleeve overlap conceal upper anterior and posterior limits.","A narrow purple strip and lower purple surface are exposed. Seated/braced posture, white panels and sleeve overlap conceal upper anterior and posterior limits. LIMIT: The image separates cloth boundaries from purple surface. This constrains evidence ownership, not torso projection.",False,False
A,S4-SEATED,lower_outline,Smooth exposed lower torso connection,WEAKLY CONSTRAINED,W,Shared visible-field / evidence-ownership condition,docs/model-reviews/emilia-arc6-v3-s4-cross-validation/references/emilia_s4_seated_near_side.jpeg,"A narrow purple strip and lower purple surface are exposed. Seated/braced posture, white panels and sleeve overlap conceal upper anterior and posterior limits.","A narrow purple strip and lower purple surface are exposed. Seated/braced posture, white panels and sleeve overlap conceal upper anterior and posterior limits. LIMIT: Near-front artwork exposes a smooth lower purple outline. Other poses provide partial, camera-dependent constraints, not a neutral upper-return curve.",False,False
B,S4-SEATED,lower_outline,Smooth exposed lower torso connection,WEAKLY CONSTRAINED,W,Shared visible-field / evidence-ownership condition,docs/model-reviews/emilia-arc6-v3-s4-cross-validation/references/emilia_s4_seated_near_side.jpeg,"A narrow purple strip and lower purple surface are exposed. Seated/braced posture, white panels and sleeve overlap conceal upper anterior and posterior limits.","A narrow purple strip and lower purple surface are exposed. Seated/braced posture, white panels and sleeve overlap conceal upper anterior and posterior limits. LIMIT: Near-front artwork exposes a smooth lower purple outline. Other poses provide partial, camera-dependent constraints, not a neutral upper-return curve.",False,False
C,S4-SEATED,lower_outline,Smooth exposed lower torso connection,WEAKLY CONSTRAINED,W,Shared visible-field / evidence-ownership condition,docs/model-reviews/emilia-arc6-v3-s4-cross-validation/references/emilia_s4_seated_near_side.jpeg,"A narrow purple strip and lower purple surface are exposed. Seated/braced posture, white panels and sleeve overlap conceal upper anterior and posterior limits.","A narrow purple strip and lower purple surface are exposed. Seated/braced posture, white panels and sleeve overlap conceal upper anterior and posterior limits. LIMIT: Near-front artwork exposes a smooth lower purple outline. Other poses provide partial, camera-dependent constraints, not a neutral upper-return curve.",False,False
A,S4-SEATED,front_width,Upper front width / outer transition,CONSISTENT BUT UNOBSERVED,O,"Higher, relatively compact outer envelope",docs/model-reviews/emilia-arc6-v3-s4-cross-validation/references/emilia_s4_seated_near_side.jpeg,"A narrow purple strip and lower purple surface are exposed. Seated/braced posture, white panels and sleeve overlap conceal upper anterior and posterior limits.","A narrow purple strip and lower purple surface are exposed. Seated/braced posture, white panels and sleeve overlap conceal upper anterior and posterior limits. LIMIT: Exposed lower outlines and shoulder/arm context provide coarse bounds. The white-covered fullest width is not observed.",False,False
B,S4-SEATED,front_width,Upper front width / outer transition,CONSISTENT BUT UNOBSERVED,O,Wider middle envelope,docs/model-reviews/emilia-arc6-v3-s4-cross-validation/references/emilia_s4_seated_near_side.jpeg,"A narrow purple strip and lower purple surface are exposed. Seated/braced posture, white panels and sleeve overlap conceal upper anterior and posterior limits.","A narrow purple strip and lower purple surface are exposed. Seated/braced posture, white panels and sleeve overlap conceal upper anterior and posterior limits. LIMIT: Exposed lower outlines and shoulder/arm context provide coarse bounds. The white-covered fullest width is not observed.",False,False
C,S4-SEATED,front_width,Upper front width / outer transition,CONSISTENT BUT UNOBSERVED,O,"Narrower upper envelope, later fullness",docs/model-reviews/emilia-arc6-v3-s4-cross-validation/references/emilia_s4_seated_near_side.jpeg,"A narrow purple strip and lower purple surface are exposed. Seated/braced posture, white panels and sleeve overlap conceal upper anterior and posterior limits.","A narrow purple strip and lower purple surface are exposed. Seated/braced posture, white panels and sleeve overlap conceal upper anterior and posterior limits. LIMIT: Exposed lower outlines and shoulder/arm context provide coarse bounds. The white-covered fullest width is not observed.",False,False
A,S4-SEATED,medial_distribution,Outer-to-medial anterior distribution,CONSISTENT BUT UNOBSERVED,O,Stronger medial-to-outer curvature with receding front flanks,docs/model-reviews/emilia-arc6-v3-s4-cross-validation/references/emilia_s4_seated_near_side.jpeg,"A narrow purple strip and lower purple surface are exposed. Seated/braced posture, white panels and sleeve overlap conceal upper anterior and posterior limits.","A narrow purple strip and lower purple surface are exposed. Seated/braced posture, white panels and sleeve overlap conceal upper anterior and posterior limits. LIMIT: Purple painted lines and tones provide weak curvature clues. Cloth shadows, stylization, pose and perspective prevent depth reconstruction.",False,False
B,S4-SEATED,medial_distribution,Outer-to-medial anterior distribution,CONSISTENT BUT UNOBSERVED,O,Broad curved anterior sweep extending toward the outer sectors,docs/model-reviews/emilia-arc6-v3-s4-cross-validation/references/emilia_s4_seated_near_side.jpeg,"A narrow purple strip and lower purple surface are exposed. Seated/braced posture, white panels and sleeve overlap conceal upper anterior and posterior limits.","A narrow purple strip and lower purple surface are exposed. Seated/braced posture, white panels and sleeve overlap conceal upper anterior and posterior limits. LIMIT: Purple painted lines and tones provide weak curvature clues. Cloth shadows, stylization, pose and perspective prevent depth reconstruction.",False,False
C,S4-SEATED,medial_distribution,Outer-to-medial anterior distribution,CONSISTENT BUT UNOBSERVED,O,Gentle anterior sectors joined by a shallow medial bridge,docs/model-reviews/emilia-arc6-v3-s4-cross-validation/references/emilia_s4_seated_near_side.jpeg,"A narrow purple strip and lower purple surface are exposed. Seated/braced posture, white panels and sleeve overlap conceal upper anterior and posterior limits.","A narrow purple strip and lower purple surface are exposed. Seated/braced posture, white panels and sleeve overlap conceal upper anterior and posterior limits. LIMIT: Purple painted lines and tones provide weak curvature clues. Cloth shadows, stylization, pose and perspective prevent depth reconstruction.",False,False
A,S4-SEATED,upper_onset,Neutral upper onset trajectory,CONSISTENT BUT UNOBSERVED,O,Earlier continuously curving onset,docs/model-reviews/emilia-arc6-v3-s4-cross-validation/references/emilia_s4_seated_near_side.jpeg,"A narrow purple strip and lower purple surface are exposed. Seated/braced posture, white panels and sleeve overlap conceal upper anterior and posterior limits.","A narrow purple strip and lower purple surface are exposed. Seated/braced posture, white panels and sleeve overlap conceal upper anterior and posterior limits. LIMIT: The relevant upper torso is concealed; a neckline or white/purple border does not reveal the underlying onset.",False,False
B,S4-SEATED,upper_onset,Neutral upper onset trajectory,CONSISTENT BUT UNOBSERVED,O,Later onset than A,docs/model-reviews/emilia-arc6-v3-s4-cross-validation/references/emilia_s4_seated_near_side.jpeg,"A narrow purple strip and lower purple surface are exposed. Seated/braced posture, white panels and sleeve overlap conceal upper anterior and posterior limits.","A narrow purple strip and lower purple surface are exposed. Seated/braced posture, white panels and sleeve overlap conceal upper anterior and posterior limits. LIMIT: The relevant upper torso is concealed; a neckline or white/purple border does not reveal the underlying onset.",False,False
C,S4-SEATED,upper_onset,Neutral upper onset trajectory,CONSISTENT BUT UNOBSERVED,O,Latest gradual onset,docs/model-reviews/emilia-arc6-v3-s4-cross-validation/references/emilia_s4_seated_near_side.jpeg,"A narrow purple strip and lower purple surface are exposed. Seated/braced posture, white panels and sleeve overlap conceal upper anterior and posterior limits.","A narrow purple strip and lower purple surface are exposed. Seated/braced posture, white panels and sleeve overlap conceal upper anterior and posterior limits. LIMIT: The relevant upper torso is concealed; a neckline or white/purple border does not reveal the underlying onset.",False,False
A,S4-SEATED,maximum_depth,Maximum neutral forward depth,CONSISTENT BUT UNOBSERVED,O,Compact forward maximum in the upper middle,docs/model-reviews/emilia-arc6-v3-s4-cross-validation/references/emilia_s4_seated_near_side.jpeg,"A narrow purple strip and lower purple surface are exposed. Seated/braced posture, white panels and sleeve overlap conceal upper anterior and posterior limits.","A narrow purple strip and lower purple surface are exposed. Seated/braced posture, white panels and sleeve overlap conceal upper anterior and posterior limits. LIMIT: No frame exposes the complete neutral anterior side profile. Posed cloth cannot determine forward depth.",False,False
B,S4-SEATED,maximum_depth,Maximum neutral forward depth,CONSISTENT BUT UNOBSERVED,O,Broader forward maximum around the middle,docs/model-reviews/emilia-arc6-v3-s4-cross-validation/references/emilia_s4_seated_near_side.jpeg,"A narrow purple strip and lower purple surface are exposed. Seated/braced posture, white panels and sleeve overlap conceal upper anterior and posterior limits.","A narrow purple strip and lower purple surface are exposed. Seated/braced posture, white panels and sleeve overlap conceal upper anterior and posterior limits. LIMIT: No frame exposes the complete neutral anterior side profile. Posed cloth cannot determine forward depth.",False,False
C,S4-SEATED,maximum_depth,Maximum neutral forward depth,CONSISTENT BUT UNOBSERVED,O,Later maximum between sections C-D,docs/model-reviews/emilia-arc6-v3-s4-cross-validation/references/emilia_s4_seated_near_side.jpeg,"A narrow purple strip and lower purple surface are exposed. Seated/braced posture, white panels and sleeve overlap conceal upper anterior and posterior limits.","A narrow purple strip and lower purple surface are exposed. Seated/braced posture, white panels and sleeve overlap conceal upper anterior and posterior limits. LIMIT: No frame exposes the complete neutral anterior side profile. Posed cloth cannot determine forward depth.",False,False
A,S4-SEATED,fullest_region,Height and breadth of maximum depth,CONSISTENT BUT UNOBSERVED,O,"Higher, shorter fullest span",docs/model-reviews/emilia-arc6-v3-s4-cross-validation/references/emilia_s4_seated_near_side.jpeg,"A narrow purple strip and lower purple surface are exposed. Seated/braced posture, white panels and sleeve overlap conceal upper anterior and posterior limits.","A narrow purple strip and lower purple surface are exposed. Seated/braced posture, white panels and sleeve overlap conceal upper anterior and posterior limits. LIMIT: Visible painted marks and changing hems are not maximum-depth landmarks. The neutral fullest span remains unobserved.",False,False
B,S4-SEATED,fullest_region,Height and breadth of maximum depth,CONSISTENT BUT UNOBSERVED,O,Longer broad fullest span around C-D,docs/model-reviews/emilia-arc6-v3-s4-cross-validation/references/emilia_s4_seated_near_side.jpeg,"A narrow purple strip and lower purple surface are exposed. Seated/braced posture, white panels and sleeve overlap conceal upper anterior and posterior limits.","A narrow purple strip and lower purple surface are exposed. Seated/braced posture, white panels and sleeve overlap conceal upper anterior and posterior limits. LIMIT: Visible painted marks and changing hems are not maximum-depth landmarks. The neutral fullest span remains unobserved.",False,False
C,S4-SEATED,fullest_region,Height and breadth of maximum depth,CONSISTENT BUT UNOBSERVED,O,Lower bounded fullest span,docs/model-reviews/emilia-arc6-v3-s4-cross-validation/references/emilia_s4_seated_near_side.jpeg,"A narrow purple strip and lower purple surface are exposed. Seated/braced posture, white panels and sleeve overlap conceal upper anterior and posterior limits.","A narrow purple strip and lower purple surface are exposed. Seated/braced posture, white panels and sleeve overlap conceal upper anterior and posterior limits. LIMIT: Visible painted marks and changing hems are not maximum-depth landmarks. The neutral fullest span remains unobserved.",False,False
A,S4-SEATED,oblique_wrap,Continuous turn toward the ribcage,WEAKLY CONSTRAINED,W,Turning weighted toward the anterior arc,docs/model-reviews/emilia-arc6-v3-s4-cross-validation/references/emilia_s4_seated_near_side.jpeg,"A narrow purple strip and lower purple surface are exposed. Seated/braced posture, white panels and sleeve overlap conceal upper anterior and posterior limits.","A narrow purple strip and lower purple surface are exposed. Seated/braced posture, white panels and sleeve overlap conceal upper anterior and posterior limits. LIMIT: Partial purple exposure in oblique poses weakly constrains a connection toward the lower ribcage. The hidden upper wrap remains free.",False,False
B,S4-SEATED,oblique_wrap,Continuous turn toward the ribcage,WEAKLY CONSTRAINED,W,Extended lateral turning zone,docs/model-reviews/emilia-arc6-v3-s4-cross-validation/references/emilia_s4_seated_near_side.jpeg,"A narrow purple strip and lower purple surface are exposed. Seated/braced posture, white panels and sleeve overlap conceal upper anterior and posterior limits.","A narrow purple strip and lower purple surface are exposed. Seated/braced posture, white panels and sleeve overlap conceal upper anterior and posterior limits. LIMIT: Partial purple exposure in oblique poses weakly constrains a connection toward the lower ribcage. The hidden upper wrap remains free.",False,False
C,S4-SEATED,oblique_wrap,Continuous turn toward the ribcage,WEAKLY CONSTRAINED,W,Sidewall retained while anterior sectors turn forward,docs/model-reviews/emilia-arc6-v3-s4-cross-validation/references/emilia_s4_seated_near_side.jpeg,"A narrow purple strip and lower purple surface are exposed. Seated/braced posture, white panels and sleeve overlap conceal upper anterior and posterior limits.","A narrow purple strip and lower purple surface are exposed. Seated/braced posture, white panels and sleeve overlap conceal upper anterior and posterior limits. LIMIT: Partial purple exposure in oblique poses weakly constrains a connection toward the lower ribcage. The hidden upper wrap remains free.",False,False
A,S4-SEATED,lower_return,Hidden lower return length / curvature,WEAKLY CONSTRAINED,W,Long taper beginning above section D,docs/model-reviews/emilia-arc6-v3-s4-cross-validation/references/emilia_s4_seated_near_side.jpeg,"A narrow purple strip and lower purple surface are exposed. Seated/braced posture, white panels and sleeve overlap conceal upper anterior and posterior limits.","A narrow purple strip and lower purple surface are exposed. Seated/braced posture, white panels and sleeve overlap conceal upper anterior and posterior limits. LIMIT: Exposed lower surface supplies local clues. The complete return under cloth is not observed and no scallop sets its height.",False,False
B,S4-SEATED,lower_return,Hidden lower return length / curvature,WEAKLY CONSTRAINED,W,Delayed return with a longer middle span,docs/model-reviews/emilia-arc6-v3-s4-cross-validation/references/emilia_s4_seated_near_side.jpeg,"A narrow purple strip and lower purple surface are exposed. Seated/braced posture, white panels and sleeve overlap conceal upper anterior and posterior limits.","A narrow purple strip and lower purple surface are exposed. Seated/braced posture, white panels and sleeve overlap conceal upper anterior and posterior limits. LIMIT: Exposed lower surface supplies local clues. The complete return under cloth is not observed and no scallop sets its height.",False,False
C,S4-SEATED,lower_return,Hidden lower return length / curvature,WEAKLY CONSTRAINED,W,Long smooth return after the later maximum,docs/model-reviews/emilia-arc6-v3-s4-cross-validation/references/emilia_s4_seated_near_side.jpeg,"A narrow purple strip and lower purple surface are exposed. Seated/braced posture, white panels and sleeve overlap conceal upper anterior and posterior limits.","A narrow purple strip and lower purple surface are exposed. Seated/braced posture, white panels and sleeve overlap conceal upper anterior and posterior limits. LIMIT: Exposed lower surface supplies local clues. The complete return under cloth is not observed and no scallop sets its height.",False,False
A,S4-SEATED,whole_sections,Complete horizontal section shape,CONSISTENT BUT UNOBSERVED,O,Rounded anterior taper with a shared posterior ribcage context,docs/model-reviews/emilia-arc6-v3-s4-cross-validation/references/emilia_s4_seated_near_side.jpeg,"A narrow purple strip and lower purple surface are exposed. Seated/braced posture, white panels and sleeve overlap conceal upper anterior and posterior limits.","A narrow purple strip and lower purple surface are exposed. Seated/braced posture, white panels and sleeve overlap conceal upper anterior and posterior limits. LIMIT: No supplied original frame is a torso cross-section. Posterior extent, lateral turning and medial depth cannot be recovered as a whole perimeter.",False,False
B,S4-SEATED,whole_sections,Complete horizontal section shape,CONSISTENT BUT UNOBSERVED,O,Broad front-facing arcs and changing lateral walls,docs/model-reviews/emilia-arc6-v3-s4-cross-validation/references/emilia_s4_seated_near_side.jpeg,"A narrow purple strip and lower purple surface are exposed. Seated/braced posture, white panels and sleeve overlap conceal upper anterior and posterior limits.","A narrow purple strip and lower purple surface are exposed. Seated/braced posture, white panels and sleeve overlap conceal upper anterior and posterior limits. LIMIT: No supplied original frame is a torso cross-section. Posterior extent, lateral turning and medial depth cannot be recovered as a whole perimeter.",False,False
C,S4-SEATED,whole_sections,Complete horizontal section shape,CONSISTENT BUT UNOBSERVED,O,"Continuous front sectors and a shallow bridge, not attached circles",docs/model-reviews/emilia-arc6-v3-s4-cross-validation/references/emilia_s4_seated_near_side.jpeg,"A narrow purple strip and lower purple surface are exposed. Seated/braced posture, white panels and sleeve overlap conceal upper anterior and posterior limits.","A narrow purple strip and lower purple surface are exposed. Seated/braced posture, white panels and sleeve overlap conceal upper anterior and posterior limits. LIMIT: No supplied original frame is a torso cross-section. Posterior extent, lateral turning and medial depth cannot be recovered as a whole perimeter.",False,False
A,S4-SEATED,physical_contact,Physical cloth/body contact map,CONSISTENT BUT UNOBSERVED,O,Shared visible-field / evidence-ownership condition,docs/model-reviews/emilia-arc6-v3-s4-cross-validation/references/emilia_s4_seated_near_side.jpeg,"A narrow purple strip and lower purple surface are exposed. Seated/braced posture, white panels and sleeve overlap conceal upper anterior and posterior limits.","A narrow purple strip and lower purple surface are exposed. Seated/braced posture, white panels and sleeve overlap conceal upper anterior and posterior limits. LIMIT: UNKNOWN RELATIONSHIP. White and purple meeting in 2D does not prove touching, close-follow, lift or an air gap.",False,True
B,S4-SEATED,physical_contact,Physical cloth/body contact map,CONSISTENT BUT UNOBSERVED,O,Shared visible-field / evidence-ownership condition,docs/model-reviews/emilia-arc6-v3-s4-cross-validation/references/emilia_s4_seated_near_side.jpeg,"A narrow purple strip and lower purple surface are exposed. Seated/braced posture, white panels and sleeve overlap conceal upper anterior and posterior limits.","A narrow purple strip and lower purple surface are exposed. Seated/braced posture, white panels and sleeve overlap conceal upper anterior and posterior limits. LIMIT: UNKNOWN RELATIONSHIP. White and purple meeting in 2D does not prove touching, close-follow, lift or an air gap.",False,True
C,S4-SEATED,physical_contact,Physical cloth/body contact map,CONSISTENT BUT UNOBSERVED,O,Shared visible-field / evidence-ownership condition,docs/model-reviews/emilia-arc6-v3-s4-cross-validation/references/emilia_s4_seated_near_side.jpeg,"A narrow purple strip and lower purple surface are exposed. Seated/braced posture, white panels and sleeve overlap conceal upper anterior and posterior limits.","A narrow purple strip and lower purple surface are exposed. Seated/braced posture, white panels and sleeve overlap conceal upper anterior and posterior limits. LIMIT: UNKNOWN RELATIONSHIP. White and purple meeting in 2D does not prove touching, close-follow, lift or an air gap.",False,True
A,S4-STANDING-OBLIQUE,visible_purple,Exposed purple surface is connected,DIRECTLY SUPPORTED,D,Shared visible-field / evidence-ownership condition,docs/model-reviews/emilia-arc6-v3-s4-cross-validation/references/emilia_s4_standing_side_oblique.webp,The lower purple sides and a separate armhole band are exposed. Forward arms and sleeves conceal the center aperture and fullest anterior region.,The lower purple sides and a separate armhole band are exposed. Forward arms and sleeves conceal the center aperture and fullest anterior region. LIMIT: Direct support applies to the local visible purple field only. It does not establish hidden depth or connectivity behind every occluder.,False,False
B,S4-STANDING-OBLIQUE,visible_purple,Exposed purple surface is connected,DIRECTLY SUPPORTED,D,Shared visible-field / evidence-ownership condition,docs/model-reviews/emilia-arc6-v3-s4-cross-validation/references/emilia_s4_standing_side_oblique.webp,The lower purple sides and a separate armhole band are exposed. Forward arms and sleeves conceal the center aperture and fullest anterior region.,The lower purple sides and a separate armhole band are exposed. Forward arms and sleeves conceal the center aperture and fullest anterior region. LIMIT: Direct support applies to the local visible purple field only. It does not establish hidden depth or connectivity behind every occluder.,False,False
C,S4-STANDING-OBLIQUE,visible_purple,Exposed purple surface is connected,DIRECTLY SUPPORTED,D,Shared visible-field / evidence-ownership condition,docs/model-reviews/emilia-arc6-v3-s4-cross-validation/references/emilia_s4_standing_side_oblique.webp,The lower purple sides and a separate armhole band are exposed. Forward arms and sleeves conceal the center aperture and fullest anterior region.,The lower purple sides and a separate armhole band are exposed. Forward arms and sleeves conceal the center aperture and fullest anterior region. LIMIT: Direct support applies to the local visible purple field only. It does not establish hidden depth or connectivity behind every occluder.,False,False
A,S4-STANDING-OBLIQUE,cloth_overlap,White cloth edges bound / overlap purple,DIRECTLY SUPPORTED,D,Shared visible-field / evidence-ownership condition,docs/model-reviews/emilia-arc6-v3-s4-cross-validation/references/emilia_s4_standing_side_oblique.webp,The lower purple sides and a separate armhole band are exposed. Forward arms and sleeves conceal the center aperture and fullest anterior region.,"The lower purple sides and a separate armhole band are exposed. Forward arms and sleeves conceal the center aperture and fullest anterior region. LIMIT: The image separates cloth boundaries from purple surface. This constrains evidence ownership, not torso projection.",False,False
B,S4-STANDING-OBLIQUE,cloth_overlap,White cloth edges bound / overlap purple,DIRECTLY SUPPORTED,D,Shared visible-field / evidence-ownership condition,docs/model-reviews/emilia-arc6-v3-s4-cross-validation/references/emilia_s4_standing_side_oblique.webp,The lower purple sides and a separate armhole band are exposed. Forward arms and sleeves conceal the center aperture and fullest anterior region.,"The lower purple sides and a separate armhole band are exposed. Forward arms and sleeves conceal the center aperture and fullest anterior region. LIMIT: The image separates cloth boundaries from purple surface. This constrains evidence ownership, not torso projection.",False,False
C,S4-STANDING-OBLIQUE,cloth_overlap,White cloth edges bound / overlap purple,DIRECTLY SUPPORTED,D,Shared visible-field / evidence-ownership condition,docs/model-reviews/emilia-arc6-v3-s4-cross-validation/references/emilia_s4_standing_side_oblique.webp,The lower purple sides and a separate armhole band are exposed. Forward arms and sleeves conceal the center aperture and fullest anterior region.,"The lower purple sides and a separate armhole band are exposed. Forward arms and sleeves conceal the center aperture and fullest anterior region. LIMIT: The image separates cloth boundaries from purple surface. This constrains evidence ownership, not torso projection.",False,False
A,S4-STANDING-OBLIQUE,lower_outline,Smooth exposed lower torso connection,WEAKLY CONSTRAINED,W,Shared visible-field / evidence-ownership condition,docs/model-reviews/emilia-arc6-v3-s4-cross-validation/references/emilia_s4_standing_side_oblique.webp,The lower purple sides and a separate armhole band are exposed. Forward arms and sleeves conceal the center aperture and fullest anterior region.,"The lower purple sides and a separate armhole band are exposed. Forward arms and sleeves conceal the center aperture and fullest anterior region. LIMIT: Near-front artwork exposes a smooth lower purple outline. Other poses provide partial, camera-dependent constraints, not a neutral upper-return curve.",False,False
B,S4-STANDING-OBLIQUE,lower_outline,Smooth exposed lower torso connection,WEAKLY CONSTRAINED,W,Shared visible-field / evidence-ownership condition,docs/model-reviews/emilia-arc6-v3-s4-cross-validation/references/emilia_s4_standing_side_oblique.webp,The lower purple sides and a separate armhole band are exposed. Forward arms and sleeves conceal the center aperture and fullest anterior region.,"The lower purple sides and a separate armhole band are exposed. Forward arms and sleeves conceal the center aperture and fullest anterior region. LIMIT: Near-front artwork exposes a smooth lower purple outline. Other poses provide partial, camera-dependent constraints, not a neutral upper-return curve.",False,False
C,S4-STANDING-OBLIQUE,lower_outline,Smooth exposed lower torso connection,WEAKLY CONSTRAINED,W,Shared visible-field / evidence-ownership condition,docs/model-reviews/emilia-arc6-v3-s4-cross-validation/references/emilia_s4_standing_side_oblique.webp,The lower purple sides and a separate armhole band are exposed. Forward arms and sleeves conceal the center aperture and fullest anterior region.,"The lower purple sides and a separate armhole band are exposed. Forward arms and sleeves conceal the center aperture and fullest anterior region. LIMIT: Near-front artwork exposes a smooth lower purple outline. Other poses provide partial, camera-dependent constraints, not a neutral upper-return curve.",False,False
A,S4-STANDING-OBLIQUE,front_width,Upper front width / outer transition,CONSISTENT BUT UNOBSERVED,O,"Higher, relatively compact outer envelope",docs/model-reviews/emilia-arc6-v3-s4-cross-validation/references/emilia_s4_standing_side_oblique.webp,The lower purple sides and a separate armhole band are exposed. Forward arms and sleeves conceal the center aperture and fullest anterior region.,The lower purple sides and a separate armhole band are exposed. Forward arms and sleeves conceal the center aperture and fullest anterior region. LIMIT: Exposed lower outlines and shoulder/arm context provide coarse bounds. The white-covered fullest width is not observed.,False,False
B,S4-STANDING-OBLIQUE,front_width,Upper front width / outer transition,CONSISTENT BUT UNOBSERVED,O,Wider middle envelope,docs/model-reviews/emilia-arc6-v3-s4-cross-validation/references/emilia_s4_standing_side_oblique.webp,The lower purple sides and a separate armhole band are exposed. Forward arms and sleeves conceal the center aperture and fullest anterior region.,The lower purple sides and a separate armhole band are exposed. Forward arms and sleeves conceal the center aperture and fullest anterior region. LIMIT: Exposed lower outlines and shoulder/arm context provide coarse bounds. The white-covered fullest width is not observed.,False,False
C,S4-STANDING-OBLIQUE,front_width,Upper front width / outer transition,CONSISTENT BUT UNOBSERVED,O,"Narrower upper envelope, later fullness",docs/model-reviews/emilia-arc6-v3-s4-cross-validation/references/emilia_s4_standing_side_oblique.webp,The lower purple sides and a separate armhole band are exposed. Forward arms and sleeves conceal the center aperture and fullest anterior region.,The lower purple sides and a separate armhole band are exposed. Forward arms and sleeves conceal the center aperture and fullest anterior region. LIMIT: Exposed lower outlines and shoulder/arm context provide coarse bounds. The white-covered fullest width is not observed.,False,False
A,S4-STANDING-OBLIQUE,medial_distribution,Outer-to-medial anterior distribution,CONSISTENT BUT UNOBSERVED,O,Stronger medial-to-outer curvature with receding front flanks,docs/model-reviews/emilia-arc6-v3-s4-cross-validation/references/emilia_s4_standing_side_oblique.webp,The lower purple sides and a separate armhole band are exposed. Forward arms and sleeves conceal the center aperture and fullest anterior region.,"The lower purple sides and a separate armhole band are exposed. Forward arms and sleeves conceal the center aperture and fullest anterior region. LIMIT: Purple painted lines and tones provide weak curvature clues. Cloth shadows, stylization, pose and perspective prevent depth reconstruction.",False,False
B,S4-STANDING-OBLIQUE,medial_distribution,Outer-to-medial anterior distribution,CONSISTENT BUT UNOBSERVED,O,Broad curved anterior sweep extending toward the outer sectors,docs/model-reviews/emilia-arc6-v3-s4-cross-validation/references/emilia_s4_standing_side_oblique.webp,The lower purple sides and a separate armhole band are exposed. Forward arms and sleeves conceal the center aperture and fullest anterior region.,"The lower purple sides and a separate armhole band are exposed. Forward arms and sleeves conceal the center aperture and fullest anterior region. LIMIT: Purple painted lines and tones provide weak curvature clues. Cloth shadows, stylization, pose and perspective prevent depth reconstruction.",False,False
C,S4-STANDING-OBLIQUE,medial_distribution,Outer-to-medial anterior distribution,CONSISTENT BUT UNOBSERVED,O,Gentle anterior sectors joined by a shallow medial bridge,docs/model-reviews/emilia-arc6-v3-s4-cross-validation/references/emilia_s4_standing_side_oblique.webp,The lower purple sides and a separate armhole band are exposed. Forward arms and sleeves conceal the center aperture and fullest anterior region.,"The lower purple sides and a separate armhole band are exposed. Forward arms and sleeves conceal the center aperture and fullest anterior region. LIMIT: Purple painted lines and tones provide weak curvature clues. Cloth shadows, stylization, pose and perspective prevent depth reconstruction.",False,False
A,S4-STANDING-OBLIQUE,upper_onset,Neutral upper onset trajectory,CONSISTENT BUT UNOBSERVED,O,Earlier continuously curving onset,docs/model-reviews/emilia-arc6-v3-s4-cross-validation/references/emilia_s4_standing_side_oblique.webp,The lower purple sides and a separate armhole band are exposed. Forward arms and sleeves conceal the center aperture and fullest anterior region.,The lower purple sides and a separate armhole band are exposed. Forward arms and sleeves conceal the center aperture and fullest anterior region. LIMIT: The relevant upper torso is concealed; a neckline or white/purple border does not reveal the underlying onset.,False,False
B,S4-STANDING-OBLIQUE,upper_onset,Neutral upper onset trajectory,CONSISTENT BUT UNOBSERVED,O,Later onset than A,docs/model-reviews/emilia-arc6-v3-s4-cross-validation/references/emilia_s4_standing_side_oblique.webp,The lower purple sides and a separate armhole band are exposed. Forward arms and sleeves conceal the center aperture and fullest anterior region.,The lower purple sides and a separate armhole band are exposed. Forward arms and sleeves conceal the center aperture and fullest anterior region. LIMIT: The relevant upper torso is concealed; a neckline or white/purple border does not reveal the underlying onset.,False,False
C,S4-STANDING-OBLIQUE,upper_onset,Neutral upper onset trajectory,CONSISTENT BUT UNOBSERVED,O,Latest gradual onset,docs/model-reviews/emilia-arc6-v3-s4-cross-validation/references/emilia_s4_standing_side_oblique.webp,The lower purple sides and a separate armhole band are exposed. Forward arms and sleeves conceal the center aperture and fullest anterior region.,The lower purple sides and a separate armhole band are exposed. Forward arms and sleeves conceal the center aperture and fullest anterior region. LIMIT: The relevant upper torso is concealed; a neckline or white/purple border does not reveal the underlying onset.,False,False
A,S4-STANDING-OBLIQUE,maximum_depth,Maximum neutral forward depth,CONSISTENT BUT UNOBSERVED,O,Compact forward maximum in the upper middle,docs/model-reviews/emilia-arc6-v3-s4-cross-validation/references/emilia_s4_standing_side_oblique.webp,The lower purple sides and a separate armhole band are exposed. Forward arms and sleeves conceal the center aperture and fullest anterior region.,The lower purple sides and a separate armhole band are exposed. Forward arms and sleeves conceal the center aperture and fullest anterior region. LIMIT: No frame exposes the complete neutral anterior side profile. Posed cloth cannot determine forward depth.,False,False
B,S4-STANDING-OBLIQUE,maximum_depth,Maximum neutral forward depth,CONSISTENT BUT UNOBSERVED,O,Broader forward maximum around the middle,docs/model-reviews/emilia-arc6-v3-s4-cross-validation/references/emilia_s4_standing_side_oblique.webp,The lower purple sides and a separate armhole band are exposed. Forward arms and sleeves conceal the center aperture and fullest anterior region.,The lower purple sides and a separate armhole band are exposed. Forward arms and sleeves conceal the center aperture and fullest anterior region. LIMIT: No frame exposes the complete neutral anterior side profile. Posed cloth cannot determine forward depth.,False,False
C,S4-STANDING-OBLIQUE,maximum_depth,Maximum neutral forward depth,CONSISTENT BUT UNOBSERVED,O,Later maximum between sections C-D,docs/model-reviews/emilia-arc6-v3-s4-cross-validation/references/emilia_s4_standing_side_oblique.webp,The lower purple sides and a separate armhole band are exposed. Forward arms and sleeves conceal the center aperture and fullest anterior region.,The lower purple sides and a separate armhole band are exposed. Forward arms and sleeves conceal the center aperture and fullest anterior region. LIMIT: No frame exposes the complete neutral anterior side profile. Posed cloth cannot determine forward depth.,False,False
A,S4-STANDING-OBLIQUE,fullest_region,Height and breadth of maximum depth,CONSISTENT BUT UNOBSERVED,O,"Higher, shorter fullest span",docs/model-reviews/emilia-arc6-v3-s4-cross-validation/references/emilia_s4_standing_side_oblique.webp,The lower purple sides and a separate armhole band are exposed. Forward arms and sleeves conceal the center aperture and fullest anterior region.,The lower purple sides and a separate armhole band are exposed. Forward arms and sleeves conceal the center aperture and fullest anterior region. LIMIT: Visible painted marks and changing hems are not maximum-depth landmarks. The neutral fullest span remains unobserved.,False,False
B,S4-STANDING-OBLIQUE,fullest_region,Height and breadth of maximum depth,CONSISTENT BUT UNOBSERVED,O,Longer broad fullest span around C-D,docs/model-reviews/emilia-arc6-v3-s4-cross-validation/references/emilia_s4_standing_side_oblique.webp,The lower purple sides and a separate armhole band are exposed. Forward arms and sleeves conceal the center aperture and fullest anterior region.,The lower purple sides and a separate armhole band are exposed. Forward arms and sleeves conceal the center aperture and fullest anterior region. LIMIT: Visible painted marks and changing hems are not maximum-depth landmarks. The neutral fullest span remains unobserved.,False,False
C,S4-STANDING-OBLIQUE,fullest_region,Height and breadth of maximum depth,CONSISTENT BUT UNOBSERVED,O,Lower bounded fullest span,docs/model-reviews/emilia-arc6-v3-s4-cross-validation/references/emilia_s4_standing_side_oblique.webp,The lower purple sides and a separate armhole band are exposed. Forward arms and sleeves conceal the center aperture and fullest anterior region.,The lower purple sides and a separate armhole band are exposed. Forward arms and sleeves conceal the center aperture and fullest anterior region. LIMIT: Visible painted marks and changing hems are not maximum-depth landmarks. The neutral fullest span remains unobserved.,False,False
A,S4-STANDING-OBLIQUE,oblique_wrap,Continuous turn toward the ribcage,WEAKLY CONSTRAINED,W,Turning weighted toward the anterior arc,docs/model-reviews/emilia-arc6-v3-s4-cross-validation/references/emilia_s4_standing_side_oblique.webp,The lower purple sides and a separate armhole band are exposed. Forward arms and sleeves conceal the center aperture and fullest anterior region.,The lower purple sides and a separate armhole band are exposed. Forward arms and sleeves conceal the center aperture and fullest anterior region. LIMIT: Partial purple exposure in oblique poses weakly constrains a connection toward the lower ribcage. The hidden upper wrap remains free.,False,False
B,S4-STANDING-OBLIQUE,oblique_wrap,Continuous turn toward the ribcage,WEAKLY CONSTRAINED,W,Extended lateral turning zone,docs/model-reviews/emilia-arc6-v3-s4-cross-validation/references/emilia_s4_standing_side_oblique.webp,The lower purple sides and a separate armhole band are exposed. Forward arms and sleeves conceal the center aperture and fullest anterior region.,The lower purple sides and a separate armhole band are exposed. Forward arms and sleeves conceal the center aperture and fullest anterior region. LIMIT: Partial purple exposure in oblique poses weakly constrains a connection toward the lower ribcage. The hidden upper wrap remains free.,False,False
C,S4-STANDING-OBLIQUE,oblique_wrap,Continuous turn toward the ribcage,WEAKLY CONSTRAINED,W,Sidewall retained while anterior sectors turn forward,docs/model-reviews/emilia-arc6-v3-s4-cross-validation/references/emilia_s4_standing_side_oblique.webp,The lower purple sides and a separate armhole band are exposed. Forward arms and sleeves conceal the center aperture and fullest anterior region.,The lower purple sides and a separate armhole band are exposed. Forward arms and sleeves conceal the center aperture and fullest anterior region. LIMIT: Partial purple exposure in oblique poses weakly constrains a connection toward the lower ribcage. The hidden upper wrap remains free.,False,False
A,S4-STANDING-OBLIQUE,lower_return,Hidden lower return length / curvature,WEAKLY CONSTRAINED,W,Long taper beginning above section D,docs/model-reviews/emilia-arc6-v3-s4-cross-validation/references/emilia_s4_standing_side_oblique.webp,The lower purple sides and a separate armhole band are exposed. Forward arms and sleeves conceal the center aperture and fullest anterior region.,The lower purple sides and a separate armhole band are exposed. Forward arms and sleeves conceal the center aperture and fullest anterior region. LIMIT: Exposed lower surface supplies local clues. The complete return under cloth is not observed and no scallop sets its height.,False,False
B,S4-STANDING-OBLIQUE,lower_return,Hidden lower return length / curvature,WEAKLY CONSTRAINED,W,Delayed return with a longer middle span,docs/model-reviews/emilia-arc6-v3-s4-cross-validation/references/emilia_s4_standing_side_oblique.webp,The lower purple sides and a separate armhole band are exposed. Forward arms and sleeves conceal the center aperture and fullest anterior region.,The lower purple sides and a separate armhole band are exposed. Forward arms and sleeves conceal the center aperture and fullest anterior region. LIMIT: Exposed lower surface supplies local clues. The complete return under cloth is not observed and no scallop sets its height.,False,False
C,S4-STANDING-OBLIQUE,lower_return,Hidden lower return length / curvature,WEAKLY CONSTRAINED,W,Long smooth return after the later maximum,docs/model-reviews/emilia-arc6-v3-s4-cross-validation/references/emilia_s4_standing_side_oblique.webp,The lower purple sides and a separate armhole band are exposed. Forward arms and sleeves conceal the center aperture and fullest anterior region.,The lower purple sides and a separate armhole band are exposed. Forward arms and sleeves conceal the center aperture and fullest anterior region. LIMIT: Exposed lower surface supplies local clues. The complete return under cloth is not observed and no scallop sets its height.,False,False
A,S4-STANDING-OBLIQUE,whole_sections,Complete horizontal section shape,CONSISTENT BUT UNOBSERVED,O,Rounded anterior taper with a shared posterior ribcage context,docs/model-reviews/emilia-arc6-v3-s4-cross-validation/references/emilia_s4_standing_side_oblique.webp,The lower purple sides and a separate armhole band are exposed. Forward arms and sleeves conceal the center aperture and fullest anterior region.,"The lower purple sides and a separate armhole band are exposed. Forward arms and sleeves conceal the center aperture and fullest anterior region. LIMIT: No supplied original frame is a torso cross-section. Posterior extent, lateral turning and medial depth cannot be recovered as a whole perimeter.",False,False
B,S4-STANDING-OBLIQUE,whole_sections,Complete horizontal section shape,CONSISTENT BUT UNOBSERVED,O,Broad front-facing arcs and changing lateral walls,docs/model-reviews/emilia-arc6-v3-s4-cross-validation/references/emilia_s4_standing_side_oblique.webp,The lower purple sides and a separate armhole band are exposed. Forward arms and sleeves conceal the center aperture and fullest anterior region.,"The lower purple sides and a separate armhole band are exposed. Forward arms and sleeves conceal the center aperture and fullest anterior region. LIMIT: No supplied original frame is a torso cross-section. Posterior extent, lateral turning and medial depth cannot be recovered as a whole perimeter.",False,False
C,S4-STANDING-OBLIQUE,whole_sections,Complete horizontal section shape,CONSISTENT BUT UNOBSERVED,O,"Continuous front sectors and a shallow bridge, not attached circles",docs/model-reviews/emilia-arc6-v3-s4-cross-validation/references/emilia_s4_standing_side_oblique.webp,The lower purple sides and a separate armhole band are exposed. Forward arms and sleeves conceal the center aperture and fullest anterior region.,"The lower purple sides and a separate armhole band are exposed. Forward arms and sleeves conceal the center aperture and fullest anterior region. LIMIT: No supplied original frame is a torso cross-section. Posterior extent, lateral turning and medial depth cannot be recovered as a whole perimeter.",False,False
A,S4-STANDING-OBLIQUE,physical_contact,Physical cloth/body contact map,CONSISTENT BUT UNOBSERVED,O,Shared visible-field / evidence-ownership condition,docs/model-reviews/emilia-arc6-v3-s4-cross-validation/references/emilia_s4_standing_side_oblique.webp,The lower purple sides and a separate armhole band are exposed. Forward arms and sleeves conceal the center aperture and fullest anterior region.,"The lower purple sides and a separate armhole band are exposed. Forward arms and sleeves conceal the center aperture and fullest anterior region. LIMIT: UNKNOWN RELATIONSHIP. White and purple meeting in 2D does not prove touching, close-follow, lift or an air gap.",False,True
B,S4-STANDING-OBLIQUE,physical_contact,Physical cloth/body contact map,CONSISTENT BUT UNOBSERVED,O,Shared visible-field / evidence-ownership condition,docs/model-reviews/emilia-arc6-v3-s4-cross-validation/references/emilia_s4_standing_side_oblique.webp,The lower purple sides and a separate armhole band are exposed. Forward arms and sleeves conceal the center aperture and fullest anterior region.,"The lower purple sides and a separate armhole band are exposed. Forward arms and sleeves conceal the center aperture and fullest anterior region. LIMIT: UNKNOWN RELATIONSHIP. White and purple meeting in 2D does not prove touching, close-follow, lift or an air gap.",False,True
C,S4-STANDING-OBLIQUE,physical_contact,Physical cloth/body contact map,CONSISTENT BUT UNOBSERVED,O,Shared visible-field / evidence-ownership condition,docs/model-reviews/emilia-arc6-v3-s4-cross-validation/references/emilia_s4_standing_side_oblique.webp,The lower purple sides and a separate armhole band are exposed. Forward arms and sleeves conceal the center aperture and fullest anterior region.,"The lower purple sides and a separate armhole band are exposed. Forward arms and sleeves conceal the center aperture and fullest anterior region. LIMIT: UNKNOWN RELATIONSHIP. White and purple meeting in 2D does not prove touching, close-follow, lift or an air gap.",False,True
A,S4-TILTED,visible_purple,Exposed purple surface is connected,DIRECTLY SUPPORTED,D,Shared visible-field / evidence-ownership condition,docs/model-reviews/emilia-arc6-reference-analysis-v2/references/emilia_tilted_three_quarter.webp,"Hands and white cloth conceal the upper/inner torso. The lower purple field is visible, but tilted camera and arm occlusion limit shape reconstruction.","Hands and white cloth conceal the upper/inner torso. The lower purple field is visible, but tilted camera and arm occlusion limit shape reconstruction. LIMIT: Direct support applies to the local visible purple field only. It does not establish hidden depth or connectivity behind every occluder.",False,False
B,S4-TILTED,visible_purple,Exposed purple surface is connected,DIRECTLY SUPPORTED,D,Shared visible-field / evidence-ownership condition,docs/model-reviews/emilia-arc6-reference-analysis-v2/references/emilia_tilted_three_quarter.webp,"Hands and white cloth conceal the upper/inner torso. The lower purple field is visible, but tilted camera and arm occlusion limit shape reconstruction.","Hands and white cloth conceal the upper/inner torso. The lower purple field is visible, but tilted camera and arm occlusion limit shape reconstruction. LIMIT: Direct support applies to the local visible purple field only. It does not establish hidden depth or connectivity behind every occluder.",False,False
C,S4-TILTED,visible_purple,Exposed purple surface is connected,DIRECTLY SUPPORTED,D,Shared visible-field / evidence-ownership condition,docs/model-reviews/emilia-arc6-reference-analysis-v2/references/emilia_tilted_three_quarter.webp,"Hands and white cloth conceal the upper/inner torso. The lower purple field is visible, but tilted camera and arm occlusion limit shape reconstruction.","Hands and white cloth conceal the upper/inner torso. The lower purple field is visible, but tilted camera and arm occlusion limit shape reconstruction. LIMIT: Direct support applies to the local visible purple field only. It does not establish hidden depth or connectivity behind every occluder.",False,False
A,S4-TILTED,cloth_overlap,White cloth edges bound / overlap purple,DIRECTLY SUPPORTED,D,Shared visible-field / evidence-ownership condition,docs/model-reviews/emilia-arc6-reference-analysis-v2/references/emilia_tilted_three_quarter.webp,"Hands and white cloth conceal the upper/inner torso. The lower purple field is visible, but tilted camera and arm occlusion limit shape reconstruction.","Hands and white cloth conceal the upper/inner torso. The lower purple field is visible, but tilted camera and arm occlusion limit shape reconstruction. LIMIT: The image separates cloth boundaries from purple surface. This constrains evidence ownership, not torso projection.",False,False
B,S4-TILTED,cloth_overlap,White cloth edges bound / overlap purple,DIRECTLY SUPPORTED,D,Shared visible-field / evidence-ownership condition,docs/model-reviews/emilia-arc6-reference-analysis-v2/references/emilia_tilted_three_quarter.webp,"Hands and white cloth conceal the upper/inner torso. The lower purple field is visible, but tilted camera and arm occlusion limit shape reconstruction.","Hands and white cloth conceal the upper/inner torso. The lower purple field is visible, but tilted camera and arm occlusion limit shape reconstruction. LIMIT: The image separates cloth boundaries from purple surface. This constrains evidence ownership, not torso projection.",False,False
C,S4-TILTED,cloth_overlap,White cloth edges bound / overlap purple,DIRECTLY SUPPORTED,D,Shared visible-field / evidence-ownership condition,docs/model-reviews/emilia-arc6-reference-analysis-v2/references/emilia_tilted_three_quarter.webp,"Hands and white cloth conceal the upper/inner torso. The lower purple field is visible, but tilted camera and arm occlusion limit shape reconstruction.","Hands and white cloth conceal the upper/inner torso. The lower purple field is visible, but tilted camera and arm occlusion limit shape reconstruction. LIMIT: The image separates cloth boundaries from purple surface. This constrains evidence ownership, not torso projection.",False,False
A,S4-TILTED,lower_outline,Smooth exposed lower torso connection,WEAKLY CONSTRAINED,W,Shared visible-field / evidence-ownership condition,docs/model-reviews/emilia-arc6-reference-analysis-v2/references/emilia_tilted_three_quarter.webp,"Hands and white cloth conceal the upper/inner torso. The lower purple field is visible, but tilted camera and arm occlusion limit shape reconstruction.","Hands and white cloth conceal the upper/inner torso. The lower purple field is visible, but tilted camera and arm occlusion limit shape reconstruction. LIMIT: Near-front artwork exposes a smooth lower purple outline. Other poses provide partial, camera-dependent constraints, not a neutral upper-return curve.",False,False
B,S4-TILTED,lower_outline,Smooth exposed lower torso connection,WEAKLY CONSTRAINED,W,Shared visible-field / evidence-ownership condition,docs/model-reviews/emilia-arc6-reference-analysis-v2/references/emilia_tilted_three_quarter.webp,"Hands and white cloth conceal the upper/inner torso. The lower purple field is visible, but tilted camera and arm occlusion limit shape reconstruction.","Hands and white cloth conceal the upper/inner torso. The lower purple field is visible, but tilted camera and arm occlusion limit shape reconstruction. LIMIT: Near-front artwork exposes a smooth lower purple outline. Other poses provide partial, camera-dependent constraints, not a neutral upper-return curve.",False,False
C,S4-TILTED,lower_outline,Smooth exposed lower torso connection,WEAKLY CONSTRAINED,W,Shared visible-field / evidence-ownership condition,docs/model-reviews/emilia-arc6-reference-analysis-v2/references/emilia_tilted_three_quarter.webp,"Hands and white cloth conceal the upper/inner torso. The lower purple field is visible, but tilted camera and arm occlusion limit shape reconstruction.","Hands and white cloth conceal the upper/inner torso. The lower purple field is visible, but tilted camera and arm occlusion limit shape reconstruction. LIMIT: Near-front artwork exposes a smooth lower purple outline. Other poses provide partial, camera-dependent constraints, not a neutral upper-return curve.",False,False
A,S4-TILTED,front_width,Upper front width / outer transition,CONSISTENT BUT UNOBSERVED,O,"Higher, relatively compact outer envelope",docs/model-reviews/emilia-arc6-reference-analysis-v2/references/emilia_tilted_three_quarter.webp,"Hands and white cloth conceal the upper/inner torso. The lower purple field is visible, but tilted camera and arm occlusion limit shape reconstruction.","Hands and white cloth conceal the upper/inner torso. The lower purple field is visible, but tilted camera and arm occlusion limit shape reconstruction. LIMIT: Exposed lower outlines and shoulder/arm context provide coarse bounds. The white-covered fullest width is not observed.",False,False
B,S4-TILTED,front_width,Upper front width / outer transition,CONSISTENT BUT UNOBSERVED,O,Wider middle envelope,docs/model-reviews/emilia-arc6-reference-analysis-v2/references/emilia_tilted_three_quarter.webp,"Hands and white cloth conceal the upper/inner torso. The lower purple field is visible, but tilted camera and arm occlusion limit shape reconstruction.","Hands and white cloth conceal the upper/inner torso. The lower purple field is visible, but tilted camera and arm occlusion limit shape reconstruction. LIMIT: Exposed lower outlines and shoulder/arm context provide coarse bounds. The white-covered fullest width is not observed.",False,False
C,S4-TILTED,front_width,Upper front width / outer transition,CONSISTENT BUT UNOBSERVED,O,"Narrower upper envelope, later fullness",docs/model-reviews/emilia-arc6-reference-analysis-v2/references/emilia_tilted_three_quarter.webp,"Hands and white cloth conceal the upper/inner torso. The lower purple field is visible, but tilted camera and arm occlusion limit shape reconstruction.","Hands and white cloth conceal the upper/inner torso. The lower purple field is visible, but tilted camera and arm occlusion limit shape reconstruction. LIMIT: Exposed lower outlines and shoulder/arm context provide coarse bounds. The white-covered fullest width is not observed.",False,False
A,S4-TILTED,medial_distribution,Outer-to-medial anterior distribution,CONSISTENT BUT UNOBSERVED,O,Stronger medial-to-outer curvature with receding front flanks,docs/model-reviews/emilia-arc6-reference-analysis-v2/references/emilia_tilted_three_quarter.webp,"Hands and white cloth conceal the upper/inner torso. The lower purple field is visible, but tilted camera and arm occlusion limit shape reconstruction.","Hands and white cloth conceal the upper/inner torso. The lower purple field is visible, but tilted camera and arm occlusion limit shape reconstruction. LIMIT: Purple painted lines and tones provide weak curvature clues. Cloth shadows, stylization, pose and perspective prevent depth reconstruction.",False,False
B,S4-TILTED,medial_distribution,Outer-to-medial anterior distribution,CONSISTENT BUT UNOBSERVED,O,Broad curved anterior sweep extending toward the outer sectors,docs/model-reviews/emilia-arc6-reference-analysis-v2/references/emilia_tilted_three_quarter.webp,"Hands and white cloth conceal the upper/inner torso. The lower purple field is visible, but tilted camera and arm occlusion limit shape reconstruction.","Hands and white cloth conceal the upper/inner torso. The lower purple field is visible, but tilted camera and arm occlusion limit shape reconstruction. LIMIT: Purple painted lines and tones provide weak curvature clues. Cloth shadows, stylization, pose and perspective prevent depth reconstruction.",False,False
C,S4-TILTED,medial_distribution,Outer-to-medial anterior distribution,CONSISTENT BUT UNOBSERVED,O,Gentle anterior sectors joined by a shallow medial bridge,docs/model-reviews/emilia-arc6-reference-analysis-v2/references/emilia_tilted_three_quarter.webp,"Hands and white cloth conceal the upper/inner torso. The lower purple field is visible, but tilted camera and arm occlusion limit shape reconstruction.","Hands and white cloth conceal the upper/inner torso. The lower purple field is visible, but tilted camera and arm occlusion limit shape reconstruction. LIMIT: Purple painted lines and tones provide weak curvature clues. Cloth shadows, stylization, pose and perspective prevent depth reconstruction.",False,False
A,S4-TILTED,upper_onset,Neutral upper onset trajectory,CONSISTENT BUT UNOBSERVED,O,Earlier continuously curving onset,docs/model-reviews/emilia-arc6-reference-analysis-v2/references/emilia_tilted_three_quarter.webp,"Hands and white cloth conceal the upper/inner torso. The lower purple field is visible, but tilted camera and arm occlusion limit shape reconstruction.","Hands and white cloth conceal the upper/inner torso. The lower purple field is visible, but tilted camera and arm occlusion limit shape reconstruction. LIMIT: The relevant upper torso is concealed; a neckline or white/purple border does not reveal the underlying onset.",False,False
B,S4-TILTED,upper_onset,Neutral upper onset trajectory,CONSISTENT BUT UNOBSERVED,O,Later onset than A,docs/model-reviews/emilia-arc6-reference-analysis-v2/references/emilia_tilted_three_quarter.webp,"Hands and white cloth conceal the upper/inner torso. The lower purple field is visible, but tilted camera and arm occlusion limit shape reconstruction.","Hands and white cloth conceal the upper/inner torso. The lower purple field is visible, but tilted camera and arm occlusion limit shape reconstruction. LIMIT: The relevant upper torso is concealed; a neckline or white/purple border does not reveal the underlying onset.",False,False
C,S4-TILTED,upper_onset,Neutral upper onset trajectory,CONSISTENT BUT UNOBSERVED,O,Latest gradual onset,docs/model-reviews/emilia-arc6-reference-analysis-v2/references/emilia_tilted_three_quarter.webp,"Hands and white cloth conceal the upper/inner torso. The lower purple field is visible, but tilted camera and arm occlusion limit shape reconstruction.","Hands and white cloth conceal the upper/inner torso. The lower purple field is visible, but tilted camera and arm occlusion limit shape reconstruction. LIMIT: The relevant upper torso is concealed; a neckline or white/purple border does not reveal the underlying onset.",False,False
A,S4-TILTED,maximum_depth,Maximum neutral forward depth,CONSISTENT BUT UNOBSERVED,O,Compact forward maximum in the upper middle,docs/model-reviews/emilia-arc6-reference-analysis-v2/references/emilia_tilted_three_quarter.webp,"Hands and white cloth conceal the upper/inner torso. The lower purple field is visible, but tilted camera and arm occlusion limit shape reconstruction.","Hands and white cloth conceal the upper/inner torso. The lower purple field is visible, but tilted camera and arm occlusion limit shape reconstruction. LIMIT: No frame exposes the complete neutral anterior side profile. Posed cloth cannot determine forward depth.",False,False
B,S4-TILTED,maximum_depth,Maximum neutral forward depth,CONSISTENT BUT UNOBSERVED,O,Broader forward maximum around the middle,docs/model-reviews/emilia-arc6-reference-analysis-v2/references/emilia_tilted_three_quarter.webp,"Hands and white cloth conceal the upper/inner torso. The lower purple field is visible, but tilted camera and arm occlusion limit shape reconstruction.","Hands and white cloth conceal the upper/inner torso. The lower purple field is visible, but tilted camera and arm occlusion limit shape reconstruction. LIMIT: No frame exposes the complete neutral anterior side profile. Posed cloth cannot determine forward depth.",False,False
C,S4-TILTED,maximum_depth,Maximum neutral forward depth,CONSISTENT BUT UNOBSERVED,O,Later maximum between sections C-D,docs/model-reviews/emilia-arc6-reference-analysis-v2/references/emilia_tilted_three_quarter.webp,"Hands and white cloth conceal the upper/inner torso. The lower purple field is visible, but tilted camera and arm occlusion limit shape reconstruction.","Hands and white cloth conceal the upper/inner torso. The lower purple field is visible, but tilted camera and arm occlusion limit shape reconstruction. LIMIT: No frame exposes the complete neutral anterior side profile. Posed cloth cannot determine forward depth.",False,False
A,S4-TILTED,fullest_region,Height and breadth of maximum depth,CONSISTENT BUT UNOBSERVED,O,"Higher, shorter fullest span",docs/model-reviews/emilia-arc6-reference-analysis-v2/references/emilia_tilted_three_quarter.webp,"Hands and white cloth conceal the upper/inner torso. The lower purple field is visible, but tilted camera and arm occlusion limit shape reconstruction.","Hands and white cloth conceal the upper/inner torso. The lower purple field is visible, but tilted camera and arm occlusion limit shape reconstruction. LIMIT: Visible painted marks and changing hems are not maximum-depth landmarks. The neutral fullest span remains unobserved.",False,False
B,S4-TILTED,fullest_region,Height and breadth of maximum depth,CONSISTENT BUT UNOBSERVED,O,Longer broad fullest span around C-D,docs/model-reviews/emilia-arc6-reference-analysis-v2/references/emilia_tilted_three_quarter.webp,"Hands and white cloth conceal the upper/inner torso. The lower purple field is visible, but tilted camera and arm occlusion limit shape reconstruction.","Hands and white cloth conceal the upper/inner torso. The lower purple field is visible, but tilted camera and arm occlusion limit shape reconstruction. LIMIT: Visible painted marks and changing hems are not maximum-depth landmarks. The neutral fullest span remains unobserved.",False,False
C,S4-TILTED,fullest_region,Height and breadth of maximum depth,CONSISTENT BUT UNOBSERVED,O,Lower bounded fullest span,docs/model-reviews/emilia-arc6-reference-analysis-v2/references/emilia_tilted_three_quarter.webp,"Hands and white cloth conceal the upper/inner torso. The lower purple field is visible, but tilted camera and arm occlusion limit shape reconstruction.","Hands and white cloth conceal the upper/inner torso. The lower purple field is visible, but tilted camera and arm occlusion limit shape reconstruction. LIMIT: Visible painted marks and changing hems are not maximum-depth landmarks. The neutral fullest span remains unobserved.",False,False
A,S4-TILTED,oblique_wrap,Continuous turn toward the ribcage,CONSISTENT BUT UNOBSERVED,O,Turning weighted toward the anterior arc,docs/model-reviews/emilia-arc6-reference-analysis-v2/references/emilia_tilted_three_quarter.webp,"Hands and white cloth conceal the upper/inner torso. The lower purple field is visible, but tilted camera and arm occlusion limit shape reconstruction.","Hands and white cloth conceal the upper/inner torso. The lower purple field is visible, but tilted camera and arm occlusion limit shape reconstruction. LIMIT: Partial purple exposure in oblique poses weakly constrains a connection toward the lower ribcage. The hidden upper wrap remains free.",False,False
B,S4-TILTED,oblique_wrap,Continuous turn toward the ribcage,CONSISTENT BUT UNOBSERVED,O,Extended lateral turning zone,docs/model-reviews/emilia-arc6-reference-analysis-v2/references/emilia_tilted_three_quarter.webp,"Hands and white cloth conceal the upper/inner torso. The lower purple field is visible, but tilted camera and arm occlusion limit shape reconstruction.","Hands and white cloth conceal the upper/inner torso. The lower purple field is visible, but tilted camera and arm occlusion limit shape reconstruction. LIMIT: Partial purple exposure in oblique poses weakly constrains a connection toward the lower ribcage. The hidden upper wrap remains free.",False,False
C,S4-TILTED,oblique_wrap,Continuous turn toward the ribcage,CONSISTENT BUT UNOBSERVED,O,Sidewall retained while anterior sectors turn forward,docs/model-reviews/emilia-arc6-reference-analysis-v2/references/emilia_tilted_three_quarter.webp,"Hands and white cloth conceal the upper/inner torso. The lower purple field is visible, but tilted camera and arm occlusion limit shape reconstruction.","Hands and white cloth conceal the upper/inner torso. The lower purple field is visible, but tilted camera and arm occlusion limit shape reconstruction. LIMIT: Partial purple exposure in oblique poses weakly constrains a connection toward the lower ribcage. The hidden upper wrap remains free.",False,False
A,S4-TILTED,lower_return,Hidden lower return length / curvature,CONSISTENT BUT UNOBSERVED,O,Long taper beginning above section D,docs/model-reviews/emilia-arc6-reference-analysis-v2/references/emilia_tilted_three_quarter.webp,"Hands and white cloth conceal the upper/inner torso. The lower purple field is visible, but tilted camera and arm occlusion limit shape reconstruction.","Hands and white cloth conceal the upper/inner torso. The lower purple field is visible, but tilted camera and arm occlusion limit shape reconstruction. LIMIT: Exposed lower surface supplies local clues. The complete return under cloth is not observed and no scallop sets its height.",False,False
B,S4-TILTED,lower_return,Hidden lower return length / curvature,CONSISTENT BUT UNOBSERVED,O,Delayed return with a longer middle span,docs/model-reviews/emilia-arc6-reference-analysis-v2/references/emilia_tilted_three_quarter.webp,"Hands and white cloth conceal the upper/inner torso. The lower purple field is visible, but tilted camera and arm occlusion limit shape reconstruction.","Hands and white cloth conceal the upper/inner torso. The lower purple field is visible, but tilted camera and arm occlusion limit shape reconstruction. LIMIT: Exposed lower surface supplies local clues. The complete return under cloth is not observed and no scallop sets its height.",False,False
C,S4-TILTED,lower_return,Hidden lower return length / curvature,CONSISTENT BUT UNOBSERVED,O,Long smooth return after the later maximum,docs/model-reviews/emilia-arc6-reference-analysis-v2/references/emilia_tilted_three_quarter.webp,"Hands and white cloth conceal the upper/inner torso. The lower purple field is visible, but tilted camera and arm occlusion limit shape reconstruction.","Hands and white cloth conceal the upper/inner torso. The lower purple field is visible, but tilted camera and arm occlusion limit shape reconstruction. LIMIT: Exposed lower surface supplies local clues. The complete return under cloth is not observed and no scallop sets its height.",False,False
A,S4-TILTED,whole_sections,Complete horizontal section shape,CONSISTENT BUT UNOBSERVED,O,Rounded anterior taper with a shared posterior ribcage context,docs/model-reviews/emilia-arc6-reference-analysis-v2/references/emilia_tilted_three_quarter.webp,"Hands and white cloth conceal the upper/inner torso. The lower purple field is visible, but tilted camera and arm occlusion limit shape reconstruction.","Hands and white cloth conceal the upper/inner torso. The lower purple field is visible, but tilted camera and arm occlusion limit shape reconstruction. LIMIT: No supplied original frame is a torso cross-section. Posterior extent, lateral turning and medial depth cannot be recovered as a whole perimeter.",False,False
B,S4-TILTED,whole_sections,Complete horizontal section shape,CONSISTENT BUT UNOBSERVED,O,Broad front-facing arcs and changing lateral walls,docs/model-reviews/emilia-arc6-reference-analysis-v2/references/emilia_tilted_three_quarter.webp,"Hands and white cloth conceal the upper/inner torso. The lower purple field is visible, but tilted camera and arm occlusion limit shape reconstruction.","Hands and white cloth conceal the upper/inner torso. The lower purple field is visible, but tilted camera and arm occlusion limit shape reconstruction. LIMIT: No supplied original frame is a torso cross-section. Posterior extent, lateral turning and medial depth cannot be recovered as a whole perimeter.",False,False
C,S4-TILTED,whole_sections,Complete horizontal section shape,CONSISTENT BUT UNOBSERVED,O,"Continuous front sectors and a shallow bridge, not attached circles",docs/model-reviews/emilia-arc6-reference-analysis-v2/references/emilia_tilted_three_quarter.webp,"Hands and white cloth conceal the upper/inner torso. The lower purple field is visible, but tilted camera and arm occlusion limit shape reconstruction.","Hands and white cloth conceal the upper/inner torso. The lower purple field is visible, but tilted camera and arm occlusion limit shape reconstruction. LIMIT: No supplied original frame is a torso cross-section. Posterior extent, lateral turning and medial depth cannot be recovered as a whole perimeter.",False,False
A,S4-TILTED,physical_contact,Physical cloth/body contact map,CONSISTENT BUT UNOBSERVED,O,Shared visible-field / evidence-ownership condition,docs/model-reviews/emilia-arc6-reference-analysis-v2/references/emilia_tilted_three_quarter.webp,"Hands and white cloth conceal the upper/inner torso. The lower purple field is visible, but tilted camera and arm occlusion limit shape reconstruction.","Hands and white cloth conceal the upper/inner torso. The lower purple field is visible, but tilted camera and arm occlusion limit shape reconstruction. LIMIT: UNKNOWN RELATIONSHIP. White and purple meeting in 2D does not prove touching, close-follow, lift or an air gap.",False,True
B,S4-TILTED,physical_contact,Physical cloth/body contact map,CONSISTENT BUT UNOBSERVED,O,Shared visible-field / evidence-ownership condition,docs/model-reviews/emilia-arc6-reference-analysis-v2/references/emilia_tilted_three_quarter.webp,"Hands and white cloth conceal the upper/inner torso. The lower purple field is visible, but tilted camera and arm occlusion limit shape reconstruction.","Hands and white cloth conceal the upper/inner torso. The lower purple field is visible, but tilted camera and arm occlusion limit shape reconstruction. LIMIT: UNKNOWN RELATIONSHIP. White and purple meeting in 2D does not prove touching, close-follow, lift or an air gap.",False,True
C,S4-TILTED,physical_contact,Physical cloth/body contact map,CONSISTENT BUT UNOBSERVED,O,Shared visible-field / evidence-ownership condition,docs/model-reviews/emilia-arc6-reference-analysis-v2/references/emilia_tilted_three_quarter.webp,"Hands and white cloth conceal the upper/inner torso. The lower purple field is visible, but tilted camera and arm occlusion limit shape reconstruction.","Hands and white cloth conceal the upper/inner torso. The lower purple field is visible, but tilted camera and arm occlusion limit shape reconstruction. LIMIT: UNKNOWN RELATIONSHIP. White and purple meeting in 2D does not prove touching, close-follow, lift or an air gap.",False,True
A,S4-LEANING,visible_purple,Exposed purple surface is connected,DIRECTLY SUPPORTED,D,Shared visible-field / evidence-ownership condition,docs/model-reviews/emilia-arc6-reference-analysis-v2/references/emilia_leaning_three_quarter.jpeg,"A short purple front/side connection and lower body surface are visible. Forward lean, cape, sleeves and hands obscure a neutral upper profile.","A short purple front/side connection and lower body surface are visible. Forward lean, cape, sleeves and hands obscure a neutral upper profile. LIMIT: Direct support applies to the local visible purple field only. It does not establish hidden depth or connectivity behind every occluder.",False,False
B,S4-LEANING,visible_purple,Exposed purple surface is connected,DIRECTLY SUPPORTED,D,Shared visible-field / evidence-ownership condition,docs/model-reviews/emilia-arc6-reference-analysis-v2/references/emilia_leaning_three_quarter.jpeg,"A short purple front/side connection and lower body surface are visible. Forward lean, cape, sleeves and hands obscure a neutral upper profile.","A short purple front/side connection and lower body surface are visible. Forward lean, cape, sleeves and hands obscure a neutral upper profile. LIMIT: Direct support applies to the local visible purple field only. It does not establish hidden depth or connectivity behind every occluder.",False,False
C,S4-LEANING,visible_purple,Exposed purple surface is connected,DIRECTLY SUPPORTED,D,Shared visible-field / evidence-ownership condition,docs/model-reviews/emilia-arc6-reference-analysis-v2/references/emilia_leaning_three_quarter.jpeg,"A short purple front/side connection and lower body surface are visible. Forward lean, cape, sleeves and hands obscure a neutral upper profile.","A short purple front/side connection and lower body surface are visible. Forward lean, cape, sleeves and hands obscure a neutral upper profile. LIMIT: Direct support applies to the local visible purple field only. It does not establish hidden depth or connectivity behind every occluder.",False,False
A,S4-LEANING,cloth_overlap,White cloth edges bound / overlap purple,DIRECTLY SUPPORTED,D,Shared visible-field / evidence-ownership condition,docs/model-reviews/emilia-arc6-reference-analysis-v2/references/emilia_leaning_three_quarter.jpeg,"A short purple front/side connection and lower body surface are visible. Forward lean, cape, sleeves and hands obscure a neutral upper profile.","A short purple front/side connection and lower body surface are visible. Forward lean, cape, sleeves and hands obscure a neutral upper profile. LIMIT: The image separates cloth boundaries from purple surface. This constrains evidence ownership, not torso projection.",False,False
B,S4-LEANING,cloth_overlap,White cloth edges bound / overlap purple,DIRECTLY SUPPORTED,D,Shared visible-field / evidence-ownership condition,docs/model-reviews/emilia-arc6-reference-analysis-v2/references/emilia_leaning_three_quarter.jpeg,"A short purple front/side connection and lower body surface are visible. Forward lean, cape, sleeves and hands obscure a neutral upper profile.","A short purple front/side connection and lower body surface are visible. Forward lean, cape, sleeves and hands obscure a neutral upper profile. LIMIT: The image separates cloth boundaries from purple surface. This constrains evidence ownership, not torso projection.",False,False
C,S4-LEANING,cloth_overlap,White cloth edges bound / overlap purple,DIRECTLY SUPPORTED,D,Shared visible-field / evidence-ownership condition,docs/model-reviews/emilia-arc6-reference-analysis-v2/references/emilia_leaning_three_quarter.jpeg,"A short purple front/side connection and lower body surface are visible. Forward lean, cape, sleeves and hands obscure a neutral upper profile.","A short purple front/side connection and lower body surface are visible. Forward lean, cape, sleeves and hands obscure a neutral upper profile. LIMIT: The image separates cloth boundaries from purple surface. This constrains evidence ownership, not torso projection.",False,False
A,S4-LEANING,lower_outline,Smooth exposed lower torso connection,WEAKLY CONSTRAINED,W,Shared visible-field / evidence-ownership condition,docs/model-reviews/emilia-arc6-reference-analysis-v2/references/emilia_leaning_three_quarter.jpeg,"A short purple front/side connection and lower body surface are visible. Forward lean, cape, sleeves and hands obscure a neutral upper profile.","A short purple front/side connection and lower body surface are visible. Forward lean, cape, sleeves and hands obscure a neutral upper profile. LIMIT: Near-front artwork exposes a smooth lower purple outline. Other poses provide partial, camera-dependent constraints, not a neutral upper-return curve.",False,False
B,S4-LEANING,lower_outline,Smooth exposed lower torso connection,WEAKLY CONSTRAINED,W,Shared visible-field / evidence-ownership condition,docs/model-reviews/emilia-arc6-reference-analysis-v2/references/emilia_leaning_three_quarter.jpeg,"A short purple front/side connection and lower body surface are visible. Forward lean, cape, sleeves and hands obscure a neutral upper profile.","A short purple front/side connection and lower body surface are visible. Forward lean, cape, sleeves and hands obscure a neutral upper profile. LIMIT: Near-front artwork exposes a smooth lower purple outline. Other poses provide partial, camera-dependent constraints, not a neutral upper-return curve.",False,False
C,S4-LEANING,lower_outline,Smooth exposed lower torso connection,WEAKLY CONSTRAINED,W,Shared visible-field / evidence-ownership condition,docs/model-reviews/emilia-arc6-reference-analysis-v2/references/emilia_leaning_three_quarter.jpeg,"A short purple front/side connection and lower body surface are visible. Forward lean, cape, sleeves and hands obscure a neutral upper profile.","A short purple front/side connection and lower body surface are visible. Forward lean, cape, sleeves and hands obscure a neutral upper profile. LIMIT: Near-front artwork exposes a smooth lower purple outline. Other poses provide partial, camera-dependent constraints, not a neutral upper-return curve.",False,False
A,S4-LEANING,front_width,Upper front width / outer transition,WEAKLY CONSTRAINED,W,"Higher, relatively compact outer envelope",docs/model-reviews/emilia-arc6-reference-analysis-v2/references/emilia_leaning_three_quarter.jpeg,"A short purple front/side connection and lower body surface are visible. Forward lean, cape, sleeves and hands obscure a neutral upper profile.","A short purple front/side connection and lower body surface are visible. Forward lean, cape, sleeves and hands obscure a neutral upper profile. LIMIT: Exposed lower outlines and shoulder/arm context provide coarse bounds. The white-covered fullest width is not observed.",False,False
B,S4-LEANING,front_width,Upper front width / outer transition,WEAKLY CONSTRAINED,W,Wider middle envelope,docs/model-reviews/emilia-arc6-reference-analysis-v2/references/emilia_leaning_three_quarter.jpeg,"A short purple front/side connection and lower body surface are visible. Forward lean, cape, sleeves and hands obscure a neutral upper profile.","A short purple front/side connection and lower body surface are visible. Forward lean, cape, sleeves and hands obscure a neutral upper profile. LIMIT: Exposed lower outlines and shoulder/arm context provide coarse bounds. The white-covered fullest width is not observed.",False,False
C,S4-LEANING,front_width,Upper front width / outer transition,WEAKLY CONSTRAINED,W,"Narrower upper envelope, later fullness",docs/model-reviews/emilia-arc6-reference-analysis-v2/references/emilia_leaning_three_quarter.jpeg,"A short purple front/side connection and lower body surface are visible. Forward lean, cape, sleeves and hands obscure a neutral upper profile.","A short purple front/side connection and lower body surface are visible. Forward lean, cape, sleeves and hands obscure a neutral upper profile. LIMIT: Exposed lower outlines and shoulder/arm context provide coarse bounds. The white-covered fullest width is not observed.",False,False
A,S4-LEANING,medial_distribution,Outer-to-medial anterior distribution,WEAKLY CONSTRAINED,W,Stronger medial-to-outer curvature with receding front flanks,docs/model-reviews/emilia-arc6-reference-analysis-v2/references/emilia_leaning_three_quarter.jpeg,"A short purple front/side connection and lower body surface are visible. Forward lean, cape, sleeves and hands obscure a neutral upper profile.","A short purple front/side connection and lower body surface are visible. Forward lean, cape, sleeves and hands obscure a neutral upper profile. LIMIT: Purple painted lines and tones provide weak curvature clues. Cloth shadows, stylization, pose and perspective prevent depth reconstruction.",False,False
B,S4-LEANING,medial_distribution,Outer-to-medial anterior distribution,WEAKLY CONSTRAINED,W,Broad curved anterior sweep extending toward the outer sectors,docs/model-reviews/emilia-arc6-reference-analysis-v2/references/emilia_leaning_three_quarter.jpeg,"A short purple front/side connection and lower body surface are visible. Forward lean, cape, sleeves and hands obscure a neutral upper profile.","A short purple front/side connection and lower body surface are visible. Forward lean, cape, sleeves and hands obscure a neutral upper profile. LIMIT: Purple painted lines and tones provide weak curvature clues. Cloth shadows, stylization, pose and perspective prevent depth reconstruction.",False,False
C,S4-LEANING,medial_distribution,Outer-to-medial anterior distribution,WEAKLY CONSTRAINED,W,Gentle anterior sectors joined by a shallow medial bridge,docs/model-reviews/emilia-arc6-reference-analysis-v2/references/emilia_leaning_three_quarter.jpeg,"A short purple front/side connection and lower body surface are visible. Forward lean, cape, sleeves and hands obscure a neutral upper profile.","A short purple front/side connection and lower body surface are visible. Forward lean, cape, sleeves and hands obscure a neutral upper profile. LIMIT: Purple painted lines and tones provide weak curvature clues. Cloth shadows, stylization, pose and perspective prevent depth reconstruction.",False,False
A,S4-LEANING,upper_onset,Neutral upper onset trajectory,CONSISTENT BUT UNOBSERVED,O,Earlier continuously curving onset,docs/model-reviews/emilia-arc6-reference-analysis-v2/references/emilia_leaning_three_quarter.jpeg,"A short purple front/side connection and lower body surface are visible. Forward lean, cape, sleeves and hands obscure a neutral upper profile.","A short purple front/side connection and lower body surface are visible. Forward lean, cape, sleeves and hands obscure a neutral upper profile. LIMIT: The relevant upper torso is concealed; a neckline or white/purple border does not reveal the underlying onset.",False,False
B,S4-LEANING,upper_onset,Neutral upper onset trajectory,CONSISTENT BUT UNOBSERVED,O,Later onset than A,docs/model-reviews/emilia-arc6-reference-analysis-v2/references/emilia_leaning_three_quarter.jpeg,"A short purple front/side connection and lower body surface are visible. Forward lean, cape, sleeves and hands obscure a neutral upper profile.","A short purple front/side connection and lower body surface are visible. Forward lean, cape, sleeves and hands obscure a neutral upper profile. LIMIT: The relevant upper torso is concealed; a neckline or white/purple border does not reveal the underlying onset.",False,False
C,S4-LEANING,upper_onset,Neutral upper onset trajectory,CONSISTENT BUT UNOBSERVED,O,Latest gradual onset,docs/model-reviews/emilia-arc6-reference-analysis-v2/references/emilia_leaning_three_quarter.jpeg,"A short purple front/side connection and lower body surface are visible. Forward lean, cape, sleeves and hands obscure a neutral upper profile.","A short purple front/side connection and lower body surface are visible. Forward lean, cape, sleeves and hands obscure a neutral upper profile. LIMIT: The relevant upper torso is concealed; a neckline or white/purple border does not reveal the underlying onset.",False,False
A,S4-LEANING,maximum_depth,Maximum neutral forward depth,CONSISTENT BUT UNOBSERVED,O,Compact forward maximum in the upper middle,docs/model-reviews/emilia-arc6-reference-analysis-v2/references/emilia_leaning_three_quarter.jpeg,"A short purple front/side connection and lower body surface are visible. Forward lean, cape, sleeves and hands obscure a neutral upper profile.","A short purple front/side connection and lower body surface are visible. Forward lean, cape, sleeves and hands obscure a neutral upper profile. LIMIT: No frame exposes the complete neutral anterior side profile. Posed cloth cannot determine forward depth.",False,False
B,S4-LEANING,maximum_depth,Maximum neutral forward depth,CONSISTENT BUT UNOBSERVED,O,Broader forward maximum around the middle,docs/model-reviews/emilia-arc6-reference-analysis-v2/references/emilia_leaning_three_quarter.jpeg,"A short purple front/side connection and lower body surface are visible. Forward lean, cape, sleeves and hands obscure a neutral upper profile.","A short purple front/side connection and lower body surface are visible. Forward lean, cape, sleeves and hands obscure a neutral upper profile. LIMIT: No frame exposes the complete neutral anterior side profile. Posed cloth cannot determine forward depth.",False,False
C,S4-LEANING,maximum_depth,Maximum neutral forward depth,CONSISTENT BUT UNOBSERVED,O,Later maximum between sections C-D,docs/model-reviews/emilia-arc6-reference-analysis-v2/references/emilia_leaning_three_quarter.jpeg,"A short purple front/side connection and lower body surface are visible. Forward lean, cape, sleeves and hands obscure a neutral upper profile.","A short purple front/side connection and lower body surface are visible. Forward lean, cape, sleeves and hands obscure a neutral upper profile. LIMIT: No frame exposes the complete neutral anterior side profile. Posed cloth cannot determine forward depth.",False,False
A,S4-LEANING,fullest_region,Height and breadth of maximum depth,CONSISTENT BUT UNOBSERVED,O,"Higher, shorter fullest span",docs/model-reviews/emilia-arc6-reference-analysis-v2/references/emilia_leaning_three_quarter.jpeg,"A short purple front/side connection and lower body surface are visible. Forward lean, cape, sleeves and hands obscure a neutral upper profile.","A short purple front/side connection and lower body surface are visible. Forward lean, cape, sleeves and hands obscure a neutral upper profile. LIMIT: Visible painted marks and changing hems are not maximum-depth landmarks. The neutral fullest span remains unobserved.",False,False
B,S4-LEANING,fullest_region,Height and breadth of maximum depth,CONSISTENT BUT UNOBSERVED,O,Longer broad fullest span around C-D,docs/model-reviews/emilia-arc6-reference-analysis-v2/references/emilia_leaning_three_quarter.jpeg,"A short purple front/side connection and lower body surface are visible. Forward lean, cape, sleeves and hands obscure a neutral upper profile.","A short purple front/side connection and lower body surface are visible. Forward lean, cape, sleeves and hands obscure a neutral upper profile. LIMIT: Visible painted marks and changing hems are not maximum-depth landmarks. The neutral fullest span remains unobserved.",False,False
C,S4-LEANING,fullest_region,Height and breadth of maximum depth,CONSISTENT BUT UNOBSERVED,O,Lower bounded fullest span,docs/model-reviews/emilia-arc6-reference-analysis-v2/references/emilia_leaning_three_quarter.jpeg,"A short purple front/side connection and lower body surface are visible. Forward lean, cape, sleeves and hands obscure a neutral upper profile.","A short purple front/side connection and lower body surface are visible. Forward lean, cape, sleeves and hands obscure a neutral upper profile. LIMIT: Visible painted marks and changing hems are not maximum-depth landmarks. The neutral fullest span remains unobserved.",False,False
A,S4-LEANING,oblique_wrap,Continuous turn toward the ribcage,WEAKLY CONSTRAINED,W,Turning weighted toward the anterior arc,docs/model-reviews/emilia-arc6-reference-analysis-v2/references/emilia_leaning_three_quarter.jpeg,"A short purple front/side connection and lower body surface are visible. Forward lean, cape, sleeves and hands obscure a neutral upper profile.","A short purple front/side connection and lower body surface are visible. Forward lean, cape, sleeves and hands obscure a neutral upper profile. LIMIT: Partial purple exposure in oblique poses weakly constrains a connection toward the lower ribcage. The hidden upper wrap remains free.",False,False
B,S4-LEANING,oblique_wrap,Continuous turn toward the ribcage,WEAKLY CONSTRAINED,W,Extended lateral turning zone,docs/model-reviews/emilia-arc6-reference-analysis-v2/references/emilia_leaning_three_quarter.jpeg,"A short purple front/side connection and lower body surface are visible. Forward lean, cape, sleeves and hands obscure a neutral upper profile.","A short purple front/side connection and lower body surface are visible. Forward lean, cape, sleeves and hands obscure a neutral upper profile. LIMIT: Partial purple exposure in oblique poses weakly constrains a connection toward the lower ribcage. The hidden upper wrap remains free.",False,False
C,S4-LEANING,oblique_wrap,Continuous turn toward the ribcage,WEAKLY CONSTRAINED,W,Sidewall retained while anterior sectors turn forward,docs/model-reviews/emilia-arc6-reference-analysis-v2/references/emilia_leaning_three_quarter.jpeg,"A short purple front/side connection and lower body surface are visible. Forward lean, cape, sleeves and hands obscure a neutral upper profile.","A short purple front/side connection and lower body surface are visible. Forward lean, cape, sleeves and hands obscure a neutral upper profile. LIMIT: Partial purple exposure in oblique poses weakly constrains a connection toward the lower ribcage. The hidden upper wrap remains free.",False,False
A,S4-LEANING,lower_return,Hidden lower return length / curvature,WEAKLY CONSTRAINED,W,Long taper beginning above section D,docs/model-reviews/emilia-arc6-reference-analysis-v2/references/emilia_leaning_three_quarter.jpeg,"A short purple front/side connection and lower body surface are visible. Forward lean, cape, sleeves and hands obscure a neutral upper profile.","A short purple front/side connection and lower body surface are visible. Forward lean, cape, sleeves and hands obscure a neutral upper profile. LIMIT: Exposed lower surface supplies local clues. The complete return under cloth is not observed and no scallop sets its height.",False,False
B,S4-LEANING,lower_return,Hidden lower return length / curvature,WEAKLY CONSTRAINED,W,Delayed return with a longer middle span,docs/model-reviews/emilia-arc6-reference-analysis-v2/references/emilia_leaning_three_quarter.jpeg,"A short purple front/side connection and lower body surface are visible. Forward lean, cape, sleeves and hands obscure a neutral upper profile.","A short purple front/side connection and lower body surface are visible. Forward lean, cape, sleeves and hands obscure a neutral upper profile. LIMIT: Exposed lower surface supplies local clues. The complete return under cloth is not observed and no scallop sets its height.",False,False
C,S4-LEANING,lower_return,Hidden lower return length / curvature,WEAKLY CONSTRAINED,W,Long smooth return after the later maximum,docs/model-reviews/emilia-arc6-reference-analysis-v2/references/emilia_leaning_three_quarter.jpeg,"A short purple front/side connection and lower body surface are visible. Forward lean, cape, sleeves and hands obscure a neutral upper profile.","A short purple front/side connection and lower body surface are visible. Forward lean, cape, sleeves and hands obscure a neutral upper profile. LIMIT: Exposed lower surface supplies local clues. The complete return under cloth is not observed and no scallop sets its height.",False,False
A,S4-LEANING,whole_sections,Complete horizontal section shape,CONSISTENT BUT UNOBSERVED,O,Rounded anterior taper with a shared posterior ribcage context,docs/model-reviews/emilia-arc6-reference-analysis-v2/references/emilia_leaning_three_quarter.jpeg,"A short purple front/side connection and lower body surface are visible. Forward lean, cape, sleeves and hands obscure a neutral upper profile.","A short purple front/side connection and lower body surface are visible. Forward lean, cape, sleeves and hands obscure a neutral upper profile. LIMIT: No supplied original frame is a torso cross-section. Posterior extent, lateral turning and medial depth cannot be recovered as a whole perimeter.",False,False
B,S4-LEANING,whole_sections,Complete horizontal section shape,CONSISTENT BUT UNOBSERVED,O,Broad front-facing arcs and changing lateral walls,docs/model-reviews/emilia-arc6-reference-analysis-v2/references/emilia_leaning_three_quarter.jpeg,"A short purple front/side connection and lower body surface are visible. Forward lean, cape, sleeves and hands obscure a neutral upper profile.","A short purple front/side connection and lower body surface are visible. Forward lean, cape, sleeves and hands obscure a neutral upper profile. LIMIT: No supplied original frame is a torso cross-section. Posterior extent, lateral turning and medial depth cannot be recovered as a whole perimeter.",False,False
C,S4-LEANING,whole_sections,Complete horizontal section shape,CONSISTENT BUT UNOBSERVED,O,"Continuous front sectors and a shallow bridge, not attached circles",docs/model-reviews/emilia-arc6-reference-analysis-v2/references/emilia_leaning_three_quarter.jpeg,"A short purple front/side connection and lower body surface are visible. Forward lean, cape, sleeves and hands obscure a neutral upper profile.","A short purple front/side connection and lower body surface are visible. Forward lean, cape, sleeves and hands obscure a neutral upper profile. LIMIT: No supplied original frame is a torso cross-section. Posterior extent, lateral turning and medial depth cannot be recovered as a whole perimeter.",False,False
A,S4-LEANING,physical_contact,Physical cloth/body contact map,CONSISTENT BUT UNOBSERVED,O,Shared visible-field / evidence-ownership condition,docs/model-reviews/emilia-arc6-reference-analysis-v2/references/emilia_leaning_three_quarter.jpeg,"A short purple front/side connection and lower body surface are visible. Forward lean, cape, sleeves and hands obscure a neutral upper profile.","A short purple front/side connection and lower body surface are visible. Forward lean, cape, sleeves and hands obscure a neutral upper profile. LIMIT: UNKNOWN RELATIONSHIP. White and purple meeting in 2D does not prove touching, close-follow, lift or an air gap.",False,True
B,S4-LEANING,physical_contact,Physical cloth/body contact map,CONSISTENT BUT UNOBSERVED,O,Shared visible-field / evidence-ownership condition,docs/model-reviews/emilia-arc6-reference-analysis-v2/references/emilia_leaning_three_quarter.jpeg,"A short purple front/side connection and lower body surface are visible. Forward lean, cape, sleeves and hands obscure a neutral upper profile.","A short purple front/side connection and lower body surface are visible. Forward lean, cape, sleeves and hands obscure a neutral upper profile. LIMIT: UNKNOWN RELATIONSHIP. White and purple meeting in 2D does not prove touching, close-follow, lift or an air gap.",False,True
C,S4-LEANING,physical_contact,Physical cloth/body contact map,CONSISTENT BUT UNOBSERVED,O,Shared visible-field / evidence-ownership condition,docs/model-reviews/emilia-arc6-reference-analysis-v2/references/emilia_leaning_three_quarter.jpeg,"A short purple front/side connection and lower body surface are visible. Forward lean, cape, sleeves and hands obscure a neutral upper profile.","A short purple front/side connection and lower body surface are visible. Forward lean, cape, sleeves and hands obscure a neutral upper profile. LIMIT: UNKNOWN RELATIONSHIP. White and purple meeting in 2D does not prove touching, close-follow, lift or an air gap.",False,True
